discount,img,platform,price,time,title
-29%,https://s2.gaming-cdn.com/images/products/11272/380x218/age-of-empires-iii-definitive-edition-knights-of-the-mediterranean-xbox-series-x-s-pc-game-steam-cover.jpg?v=1653463616,None,7.09€,20/10/2022 ::16:11:50,Age of Empires III: Definitive Edition - Knights of the Mediterranean
-78%,https://s3.gaming-cdn.com/images/products/11018/380x218/dinosaur-fossil-hunter-pc-game-steam-cover.jpg?v=1661780467,None,3.75€,20/10/2022 ::16:11:50,Dinosaur Fossil Hunter
-69%,https://s3.gaming-cdn.com/images/products/10925/380x218/crusader-kings-iii-fate-of-iberia-pc-mac-game-steam-cover.jpg?v=1654180585,None,4.09€,20/10/2022 ::16:11:50,Crusader Kings III: Fate of Iberia
-43%,https://s2.gaming-cdn.com/images/products/12358/380x218/tiny-tina-s-wonderlands-pc-game-steam-europe-cover.jpg?v=1656330004,None,33.99€,20/10/2022 ::16:11:50,Tiny Tina's Wonderlands
-43%,https://s1.gaming-cdn.com/images/products/11739/380x218/jurassic-world-evolution-2-dominion-biosyn-expansion-pc-game-steam-cover.jpg?v=1655307268,None,11.49€,20/10/2022 ::16:11:50,Jurassic World Evolution 2: Dominion Biosyn Expansion
-43%,https://s3.gaming-cdn.com/images/products/10634/380x218/monster-hunter-rise-sunbreak-deluxe-edition-deluxe-edition-pc-game-steam-cover.jpg?v=1666177775,None,28.99€,20/10/2022 ::16:11:50,Monster Hunter Rise: Sunbreak Deluxe Edition
-33%,https://s3.gaming-cdn.com/images/products/12893/380x218/cities-skylines-content-creator-pack-seaside-resorts-pc-mac-game-steam-cover.jpg?v=1663225726,None,3.99€,20/10/2022 ::16:11:50,Cities: Skylines - Content Creator Pack: Seaside Resorts
-17%,https://s2.gaming-cdn.com/images/products/13048/380x218/prison-architect-undead-pc-mac-game-steam-cover.jpg?v=1665559810,None,2.49€,20/10/2022 ::16:11:50,Prison Architect - Undead
-38%,https://s1.gaming-cdn.com/images/products/12351/380x218/way-of-the-hunter-elite-edition-elite-edition-pc-game-steam-cover.jpg?v=1660636625,None,33.98€,20/10/2022 ::16:11:50,Way of the Hunter Elite Edition
-26%,https://s3.gaming-cdn.com/images/products/11606/380x218/builder-simulator-pc-game-steam-cover.jpg?v=1655304261,None,12.49€,20/10/2022 ::16:11:50,Builder Simulator
-43%,https://s2.gaming-cdn.com/images/products/12343/380x218/autobahn-police-simulator-3-pc-game-steam-cover.jpg?v=1656429910,None,17.05€,20/10/2022 ::16:11:50,Autobahn Police Simulator 3
-35%,https://s1.gaming-cdn.com/images/products/11040/380x218/outriders-worldslayer-upgrade-pc-game-steam-cover.jpg?v=1666177834,None,25.99€,20/10/2022 ::16:11:50,Outriders Worldslayer Upgrade
-37%,https://s1.gaming-cdn.com/images/products/12147/380x218/prison-architect-gangs-pc-mac-game-steam-cover.jpg?v=1665478511,None,3.75€,20/10/2022 ::16:11:50,Prison Architect - Gangs
-43%,https://s2.gaming-cdn.com/images/products/11080/380x218/way-of-the-hunter-pc-game-steam-cover.jpg?v=1658739360,None,22.99€,20/10/2022 ::16:11:50,Way of the Hunter
-28%,https://s2.gaming-cdn.com/images/products/9667/380x218/sackboy-a-big-adventure-pc-game-steam-cover.jpg?v=1665496379,None,43.49€,20/10/2022 ::16:11:50,Sackboy: A Big Adventure
-70%,https://s3.gaming-cdn.com/images/products/13058/380x218/cities-skylines-new-player-bundle-new-player-bundle-pc-mac-game-steam-cover.jpg?v=1665687362,None,19.28€,20/10/2022 ::16:11:50,Cities: Skylines - New Player Bundle
-25%,https://s1.gaming-cdn.com/images/products/12723/380x218/the-dark-pictures-anthology-the-devil-in-me-pc-game-steam-europe-cover.jpg?v=1661759493,None,29.89€,20/10/2022 ::16:11:50,The Dark Pictures Anthology: The Devil in Me
-48%,https://s3.gaming-cdn.com/images/products/10187/380x218/starship-troopers-terran-command-pc-game-steam-cover.jpg?v=1655467833,None,12.99€,20/10/2022 ::16:11:50,Starship Troopers - Terran Command
-52%,https://s2.gaming-cdn.com/images/products/11779/380x218/wrc-generations-pc-game-steam-cover.jpg?v=1658154225,None,23.99€,20/10/2022 ::16:11:50,WRC Generations
-87%,https://s2.gaming-cdn.com/images/products/8734/380x218/warpips-pc-game-steam-cover.jpg?v=1652794370,None,1.98€,20/10/2022 ::16:11:50,Warpips
-58%,https://s1.gaming-cdn.com/images/products/10626/380x218/pro-cycling-manager-2022-pc-game-steam-europe-cover.jpg?v=1655304345,None,16.99€,20/10/2022 ::16:11:50,Pro Cycling Manager 2022
-37%,https://s1.gaming-cdn.com/images/products/7968/380x218/king-arthur-knight-s-tale-pc-game-steam-cover.jpg?v=1662968156,None,28.52€,20/10/2022 ::16:11:50,King Arthur: Knight's Tale
-39%,https://s1.gaming-cdn.com/images/products/11688/380x218/hatsune-miku-project-diva-mega-mix-pc-game-steam-cover.jpg?v=1654165144,None,23.99€,20/10/2022 ::16:11:50,Hatsune Miku: Project DIVA Mega Mix+
-25%,https://s2.gaming-cdn.com/images/products/12682/380x218/new-tales-from-the-borderlands-pc-game-steam-europe-cover.jpg?v=1661418823,None,29.99€,20/10/2022 ::16:11:50,New Tales from The Borderlands
-47%,https://s3.gaming-cdn.com/images/products/12539/380x218/steelrising-bastille-edition-bastille-edition-pc-game-steam-cover.jpg?v=1662662794,None,31.99€,20/10/2022 ::16:11:50,Steelrising - Bastille Edition
-3%,https://s2.gaming-cdn.com/images/products/8977/380x218/powerwash-simulator-pc-game-steam-cover.jpg?v=1657869315,None,24.20€,20/10/2022 ::16:11:50,PowerWash Simulator
-28%,https://s1.gaming-cdn.com/images/products/13062/380x218/the-last-oricru-pc-game-steam-cover.jpg?v=1665739414,None,28.89€,20/10/2022 ::16:11:50,The Last Oricru
-34%,https://s3.gaming-cdn.com/images/products/9578/380x218/sniper-elite-5-pc-game-steam-europe-cover.jpg?v=1657723244,None,32.99€,20/10/2022 ::16:11:50,Sniper Elite 5
-30%,https://s2.gaming-cdn.com/images/products/10129/380x218/dune-spice-wars-pc-game-steam-cover.jpg?v=1651674306,None,20.99€,20/10/2022 ::16:11:50,Dune: Spice Wars
-26%,https://s2.gaming-cdn.com/images/products/11155/380x218/house-flipper-pets-pc-mac-game-steam-cover.jpg?v=1653376967,None,9.29€,20/10/2022 ::16:11:50,House Flipper - Pets
-28%,https://s3.gaming-cdn.com/images/products/12530/380x218/nba-2k23-michael-jordan-edition-michael-jordan-edition-pc-game-steam-europe-cover.jpg?v=1662709523,None,72.49€,20/10/2022 ::16:11:50,NBA 2K23 Michael Jordan Edition
-44%,https://s1.gaming-cdn.com/images/products/12930/380x218/brewmaster-beer-brewing-simulator-pc-game-steam-cover.jpg?v=1664456403,None,9.99€,20/10/2022 ::16:11:50,Brewmaster: Beer Brewing Simulator
-43%,https://s2.gaming-cdn.com/images/products/12523/380x218/necrosmith-pc-game-steam-cover.jpg?v=1658236945,None,1.37€,20/10/2022 ::16:11:50,Necrosmith
-43%,https://s3.gaming-cdn.com/images/products/11039/380x218/outriders-worldslayer-worldslayer-pc-game-steam-cover.jpg?v=1654863155,None,33.99€,20/10/2022 ::16:11:50,Outriders Worldslayer
-38%,https://s2.gaming-cdn.com/images/products/12823/380x218/trail-out-pc-game-steam-cover.jpg?v=1662710167,None,10.48€,20/10/2022 ::16:11:50,Trail Out
-17%,https://s3.gaming-cdn.com/images/products/12902/380x218/jurassic-world-evolution-2-late-cretaceous-pack-pc-game-steam-cover.jpg?v=1663239992,None,6.66€,20/10/2022 ::16:11:50,Jurassic World Evolution 2: Late Cretaceous Pack
-16%,https://s1.gaming-cdn.com/images/products/5208/380x218/house-party-pc-game-steam-cover.jpg?v=1659225137,None,20.99€,20/10/2022 ::16:11:50,House Party
-10%,https://s2.gaming-cdn.com/images/products/12910/380x218/judgment-pc-game-steam-europe-cover.jpg?v=1663664526,None,35.85€,20/10/2022 ::16:11:50,Judgment
-21%,https://s2.gaming-cdn.com/images/products/7072/380x218/hogwarts-legacy-pc-game-steam-europe-cover.jpg?v=1661513846,None,47.69€,20/10/2022 ::16:11:50,Hogwarts Legacy
-38%,https://s1.gaming-cdn.com/images/products/12726/380x218/the-case-of-the-golden-idol-pc-game-steam-cover.jpg?v=1665735154,None,11.20€,20/10/2022 ::16:11:50,The Case of the Golden Idol
-23%,https://s3.gaming-cdn.com/images/products/12611/380x218/humankind-cultures-of-latin-america-pack-pc-mac-game-steam-europe-cover.jpg?v=1659379579,None,6.96€,20/10/2022 ::16:11:50,HUMANKIND - Cultures of Latin America Pack
-24%,https://s3.gaming-cdn.com/images/products/12800/380x218/new-tales-from-the-borderlands-deluxe-edition-deluxe-edition-pc-game-steam-europe-cover.jpg?v=1666194600,None,37.99€,20/10/2022 ::16:11:50,New Tales from The Borderlands Deluxe Edition
-29%,https://s2.gaming-cdn.com/images/products/8926/380x218/two-point-campus-pc-mac-game-steam-europe-cover.jpg?v=1660031226,None,28.49€,20/10/2022 ::16:11:50,Two Point Campus
-18%,https://s1.gaming-cdn.com/images/products/10131/380x218/sonic-frontiers-pc-game-steam-cover.jpg?v=1661357757,None,48.99€,20/10/2022 ::16:11:50,Sonic Frontiers
-51%,https://s3.gaming-cdn.com/images/products/12434/380x218/fobia-st-dinfna-hotel-pc-game-steam-cover.jpg?v=1656576766,None,12.13€,20/10/2022 ::16:11:50,Fobia - St. Dinfna Hotel
-56%,https://s3.gaming-cdn.com/images/products/10619/380x218/spirit-of-the-island-pc-game-steam-cover.jpg?v=1649774738,None,10.99€,20/10/2022 ::16:11:50,Spirit of the Island
-22%,https://s2.gaming-cdn.com/images/products/13000/380x218/star-ocean-the-divine-force-digital-deluxe-edition-digital-deluxe-edition-pc-game-steam-cover.jpg?v=1666188067,None,58.69€,20/10/2022 ::16:11:50,Star Ocean: The Divine Force Digital Deluxe Edition
-25%,https://s3.gaming-cdn.com/images/products/12761/380x218/commandos-3-hd-remaster-pc-game-steam-cover.jpg?v=1661942458,None,14.99€,20/10/2022 ::16:11:50,Commandos 3 - HD Remaster
-30%,https://s3.gaming-cdn.com/images/products/13070/380x218/terror-of-hemasaurus-pc-game-steam-cover.jpg?v=1666091800,None,7.50€,20/10/2022 ::16:11:50,Terror of Hemasaurus
-45%,https://s3.gaming-cdn.com/images/products/12941/380x218/spiderheck-pc-game-steam-cover.jpg?v=1663921787,None,8.29€,20/10/2022 ::16:11:50,SpiderHeck
-30%,https://s2.gaming-cdn.com/images/products/12679/380x218/the-ascent-cyber-heist-pc-game-steam-europe-cover.jpg?v=1660838823,None,6.99€,20/10/2022 ::16:11:50,The Ascent - Cyber Heist
-47%,https://s2.gaming-cdn.com/images/products/7258/380x218/steelrising-pc-game-steam-cover.jpg?v=1662662804,None,26.49€,20/10/2022 ::16:11:50,Steelrising
-48%,https://s3.gaming-cdn.com/images/products/6443/380x218/hokko-life-pc-game-steam-cover.jpg?v=1651570466,None,10.47€,20/10/2022 ::16:11:50,Hokko Life
-25%,https://s1.gaming-cdn.com/images/products/12384/380x218/thehunter-call-of-the-wild-revontuli-coast-pc-game-steam-cover.jpg?v=1656426625,None,5.99€,20/10/2022 ::16:11:50,theHunter: Call of the Wild - Revontuli Coast
-35%,https://s3.gaming-cdn.com/images/products/6524/380x218/hardspace-shipbreaker-pc-game-steam-cover.jpg?v=1657184249,None,22.67€,20/10/2022 ::16:11:50,Hardspace: Shipbreaker
-33%,https://s2.gaming-cdn.com/images/products/12655/380x218/midnight-fight-express-pc-game-steam-cover.jpg?v=1661415310,None,13.41€,20/10/2022 ::16:11:50,Midnight Fight Express
-16%,https://s3.gaming-cdn.com/images/products/12911/380x218/lost-judgment-pc-game-steam-europe-cover.jpg?v=1663664513,None,50.52€,20/10/2022 ::16:11:50,Lost Judgment
-25%,https://s2.gaming-cdn.com/images/products/9694/380x218/despot-s-game-dystopian-army-builder-pc-mac-game-steam-cover.jpg?v=1664961530,None,14.91€,20/10/2022 ::16:11:50,Despot's Game: Dystopian Army Builder
-51%,https://s1.gaming-cdn.com/images/products/8421/380x218/prehistoric-kingdom-pc-game-steam-cover.jpg?v=1651674516,None,12.29€,20/10/2022 ::16:11:50,Prehistoric Kingdom
-34%,https://s1.gaming-cdn.com/images/products/10620/380x218/sniper-elite-5-deluxe-edition-deluxe-edition-pc-game-steam-europe-cover.jpg?v=1653549957,None,52.99€,20/10/2022 ::16:11:50,Sniper Elite 5 Deluxe Edition
-26%,https://s2.gaming-cdn.com/images/products/10402/380x218/death-stranding-director-s-cut-ps5-director-s-cut-playstation-5-game-playstation-store-cover.jpg?v=1649674459,None,36.93€,20/10/2022 ::16:11:50,Death Stranding Director’s Cut PS5
-30%,https://s2.gaming-cdn.com/images/products/12916/380x218/arcade-paradise-pc-game-steam-cover.jpg?v=1663235730,None,13.99€,20/10/2022 ::16:11:50,Arcade Paradise
-25%,https://s3.gaming-cdn.com/images/products/12896/380x218/cities-skylines-shoreline-radio-mac-pc-game-steam-cover.jpg?v=1663225836,None,2.99€,20/10/2022 ::16:11:50,Cities: Skylines - Shoreline Radio
-35%,https://s2.gaming-cdn.com/images/products/12400/380x218/farming-simulator-22-kubota-pack-pc-mac-game-steam-cover.jpg?v=1656432601,None,8.38€,20/10/2022 ::16:11:50,Farming Simulator 22 - Kubota Pack
-43%,https://s1.gaming-cdn.com/images/products/12375/380x218/superpower-3-pc-game-steam-cover.jpg?v=1665474361,None,16.99€,20/10/2022 ::16:11:50,SuperPower 3
-71%,https://s2.gaming-cdn.com/images/products/4891/380x218/tom-clancy-s-rainbow-six-siege-deluxe-edition-deluxe-edition-pc-game-ubisoft-connect-europe-cover.jpg?v=1649772737,None,8.68€,20/10/2022 ::16:11:50,Tom Clancy's Rainbow Six Siege Deluxe Edition
-82%,https://s3.gaming-cdn.com/images/products/4595/380x218/tom-clancy-s-ghost-recon-breakpoint-pc-game-ubisoft-connect-europe-cover.jpg?v=1650451967,None,10.99€,20/10/2022 ::16:11:50,Tom Clancy's Ghost Recon: Breakpoint
-90%,https://s2.gaming-cdn.com/images/products/1843/380x218/assassin-s-creed-origins-pc-game-ubisoft-connect-europe-cover.jpg?v=1648141507,None,5.99€,20/10/2022 ::16:11:50,Assassin's Creed: Origins
-66%,https://s2.gaming-cdn.com/images/products/400/380x218/game-uplay-assassins-creed-unity-cover.jpg?v=1614939924,None,10.30€,20/10/2022 ::16:11:50,Assassin's Creed: Unity
-65%,https://s2.gaming-cdn.com/images/products/406/380x218/tom-clancy-s-rainbow-six-siege-pc-game-ubisoft-connect-europe-cover.jpg?v=1649421231,None,6.92€,20/10/2022 ::16:11:50,Tom Clancy's Rainbow Six Siege
-29%,https://s2.gaming-cdn.com/images/products/10579/380x218/jojo-s-bizarre-adventure-all-star-battle-r-pc-game-steam-cover.jpg?v=1662018195,None,35.49€,20/10/2022 ::16:11:50,JoJo’s Bizarre Adventure: All Star Battle R
-18%,https://s1.gaming-cdn.com/images/products/12924/380x218/sonic-frontiers-digital-deluxe-digital-deluxe-pc-game-steam-cover.jpg?v=1666191093,None,57.49€,20/10/2022 ::16:11:50,Sonic Frontiers – Digital Deluxe
-13%,https://s1.gaming-cdn.com/images/products/6021/380x218/cuphead-the-delicious-last-course-pc-mac-game-steam-cover.jpg?v=1656947346,None,6.99€,20/10/2022 ::16:11:50,Cuphead - The Delicious Last Course
-43%,https://s2.gaming-cdn.com/images/products/6733/380x218/good-company-pc-game-steam-cover.jpg?v=1651573371,None,12.99€,20/10/2022 ::16:11:50,Good Company
-27%,https://s1.gaming-cdn.com/images/products/12702/380x218/destiny-2-lightfall-pc-game-steam-cover.jpg?v=1661336452,None,36.49€,20/10/2022 ::16:11:50,Destiny 2: Lightfall
-55%,https://s2.gaming-cdn.com/images/products/12283/380x218/symphony-of-war-the-nephilim-saga-pc-game-steam-cover.jpg?v=1655710724,None,8.95€,20/10/2022 ::16:11:50,Symphony of War: The Nephilim Saga
-61%,https://s2.gaming-cdn.com/images/products/12640/380x218/generation-zero-tactical-equipment-pack-pc-game-steam-cover.jpg?v=1660030014,None,2.34€,20/10/2022 ::16:11:50,Generation Zero - Tactical Equipment Pack
-25%,https://s2.gaming-cdn.com/images/products/12604/380x218/re-volt-pc-game-steam-cover.jpg?v=1659082492,None,4.49€,20/10/2022 ::16:11:50,Re-Volt
-32%,https://s2.gaming-cdn.com/images/products/9352/380x218/neon-white-pc-game-steam-cover.jpg?v=1655278642,None,14.99€,20/10/2022 ::16:11:50,Neon White
-51%,https://s1.gaming-cdn.com/images/products/13020/380x218/monster-outbreak-pc-game-steam-cover.jpg?v=1665386850,None,7.29€,20/10/2022 ::16:11:50,Monster Outbreak
-29%,https://s2.gaming-cdn.com/images/products/12628/380x218/sbk-22-pc-game-steam-cover.jpg?v=1663226538,None,28.49€,20/10/2022 ::16:11:50,SBK 22
-50%,https://s2.gaming-cdn.com/images/products/13024/380x218/mars-base-pc-mac-game-steam-cover.jpg?v=1666083167,None,9.99€,20/10/2022 ::16:11:50,Mars Base
-25%,https://s2.gaming-cdn.com/images/products/12895/380x218/cities-skylines-paradise-radio-pc-mac-game-steam-cover.jpg?v=1663225800,None,2.99€,20/10/2022 ::16:11:50,Cities: Skylines - Paradise Radio
-55%,https://s1.gaming-cdn.com/images/products/12624/380x218/retreat-to-enen-pc-game-steam-cover.jpg?v=1659444006,None,11.29€,20/10/2022 ::16:11:50,Retreat To Enen
-45%,https://s1.gaming-cdn.com/images/products/9972/380x218/recipe-for-disaster-pc-game-steam-cover.jpg?v=1652965958,None,9.37€,20/10/2022 ::16:11:50,Recipe for Disaster
-53%,https://s2.gaming-cdn.com/images/products/13063/380x218/lost-in-play-pc-game-steam-cover.jpg?v=1665752862,None,9.49€,20/10/2022 ::16:11:50,Lost in Play
-27%,https://s1.gaming-cdn.com/images/products/9420/380x218/marvel-s-midnight-suns-pc-game-steam-europe-cover.jpg?v=1662842616,None,43.89€,20/10/2022 ::16:11:50,Marvel's Midnight Suns
-75%,https://s1.gaming-cdn.com/images/products/12618/380x218/destroy-all-humans-clone-carnage-pc-game-steam-cover.jpg?v=1659379419,None,3.23€,20/10/2022 ::16:11:50,Destroy All Humans! – Clone Carnage
-47%,https://s3.gaming-cdn.com/images/products/12914/380x218/eville-pc-game-steam-cover.jpg?v=1665742491,None,7.93€,20/10/2022 ::16:11:50,Eville
-62%,https://s1.gaming-cdn.com/images/products/6147/380x218/assassin-s-creed-valhalla-pc-game-ubisoft-connect-europe-cover.jpg?v=1650550345,None,22.99€,20/10/2022 ::16:11:50,Assassin’s Creed Valhalla
-87%,https://s3.gaming-cdn.com/images/products/2540/380x218/watch-dogs-legion-pc-game-ubisoft-connect-europe-cover.jpg?v=1664201416,None,7.99€,20/10/2022 ::16:11:50,Watch Dogs Legion
-82%,https://s3.gaming-cdn.com/images/products/2648/380x218/assassin-s-creed-odyssey-pc-game-ubisoft-connect-europe-cover.jpg?v=1657267783,None,10.68€,20/10/2022 ::16:11:50,Assassin's Creed Odyssey
-73%,https://s2.gaming-cdn.com/images/products/2467/380x218/the-division-2-pc-game-ubisoft-connect-europe-cover.jpg?v=1652373544,None,7.99€,20/10/2022 ::16:11:50,The Division 2
-92%,https://s1.gaming-cdn.com/images/products/1365/380x218/watch-dogs-2-pc-game-ubisoft-connect-europe-cover.jpg?v=1644761005,None,4.64€,20/10/2022 ::16:11:50,Watch Dogs 2
-78%,https://s3.gaming-cdn.com/images/products/2249/380x218/anno-1800-pc-game-ubisoft-connect-europe-cover.jpg?v=1649844268,None,13.46€,20/10/2022 ::16:11:50,Anno 1800
-81%,https://s2.gaming-cdn.com/images/products/877/380x218/game-uplay-for-honor-cover.jpg?v=1626698116,None,5.59€,20/10/2022 ::16:11:50,For Honor
-85%,https://s2.gaming-cdn.com/images/products/2095/380x218/the-crew-2-pc-game-ubisoft-connect-europe-cover.jpg?v=1657277263,None,7.38€,20/10/2022 ::16:11:50,The Crew 2
-47%,https://s1.gaming-cdn.com/images/products/4896/380x218/monopoly-plus-pc-game-ubisoft-connect-cover.jpg?v=1649421279,None,7.99€,20/10/2022 ::16:11:50,Monopoly Plus
-80%,https://s1.gaming-cdn.com/images/products/261/380x218/assassin-s-creed-iv-black-flag-pc-game-ubisoft-connect-europe-cover.jpg?v=1649944074,None,8.15€,20/10/2022 ::16:11:50,Assassin's Creed IV: Black Flag
-86%,https://s2.gaming-cdn.com/images/products/667/380x218/assassin-s-creed-syndicate-pc-game-ubisoft-connect-europe-cover.jpg?v=1653299389,None,5.42€,20/10/2022 ::16:11:50,Assassin's Creed: Syndicate
-74%,https://s3.gaming-cdn.com/images/products/878/380x218/tom-clancy-s-ghost-recon-wildlands-pc-game-ubisoft-connect-europe-cover.jpg?v=1648462374,None,12.88€,20/10/2022 ::16:11:50,Tom Clancy's Ghost Recon: Wildlands
-57%,https://s3.gaming-cdn.com/images/products/4898/380x218/game-uplay-uno-cover.jpg?v=1608049517,None,4.29€,20/10/2022 ::16:11:50,UNO
-60%,https://s2.gaming-cdn.com/images/products/6448/380x218/the-division-2-warlords-of-new-york-expansion-pc-game-ubisoft-connect-europe-cover.jpg?v=1666177350,None,10.99€,20/10/2022 ::16:11:50,The Division 2 Warlords of New York Expansion
-22%,https://s2.gaming-cdn.com/images/products/10636/380x218/anno-1800-season-pass-4-pc-game-ubisoft-connect-europe-cover.jpg?v=1666177777,None,19.50€,20/10/2022 ::16:11:50,Anno 1800 Season Pass 4
-81%,https://s1.gaming-cdn.com/images/products/1842/380x218/far-cry-5-pc-game-ubisoft-connect-europe-cover.jpg?v=1648470493,None,11.38€,20/10/2022 ::16:11:50,Far Cry 5
-89%,https://s2.gaming-cdn.com/images/products/1084/380x218/far-cry-primal-pc-game-ubisoft-connect-cover.jpg?v=1650481900,None,5.34€,20/10/2022 ::16:11:50,Far Cry Primal
-68%,https://s2.gaming-cdn.com/images/products/5884/380x218/anno-1800-complete-edition-year-3-complete-edition-year-3-pc-game-ubisoft-connect-europe-cover.jpg?v=1652865530,None,35.55€,20/10/2022 ::16:11:50,Anno 1800 Complete Edition Year 3
-47%,https://s1.gaming-cdn.com/images/products/7080/380x218/far-cry-6-pc-game-ubisoft-connect-europe-cover.jpg?v=1666101212,None,31.99€,20/10/2022 ::16:11:50,Far Cry 6
-83%,https://s2.gaming-cdn.com/images/products/4639/380x218/the-crew-2-gold-edition-gold-edition-pc-game-ubisoft-connect-europe-cover.jpg?v=1657277207,None,15.40€,20/10/2022 ::16:11:50,The Crew 2 Gold Edition
-29%,https://s3.gaming-cdn.com/images/products/12923/380x218/triangle-strategy-deluxe-edition-deluxe-edition-pc-game-steam-europe-cover.jpg?v=1666191133,None,45.99€,20/10/2022 ::16:11:50,Triangle Strategy - Deluxe Edition
-14%,https://s2.gaming-cdn.com/images/products/11368/380x218/dead-by-daylight-roots-of-dread-chapter-pc-game-steam-cover.jpg?v=1666177874,None,5.99€,20/10/2022 ::16:11:50,Dead by Daylight - Roots of Dread Chapter
-28%,https://s2.gaming-cdn.com/images/products/10255/380x218/motogp-22-pc-game-steam-cover.jpg?v=1650562274,None,35.76€,20/10/2022 ::16:11:50,MotoGP 22
-15%,https://s1.gaming-cdn.com/images/products/12783/380x218/farming-simulator-22-ero-grapeliner-series-7000-pc-mac-game-steam-cover.jpg?v=1662042567,None,1.69€,20/10/2022 ::16:11:50,Farming Simulator 22 - ERO Grapeliner Series 7000
-20%,https://s3.gaming-cdn.com/images/products/12764/380x218/escape-simulator-steampunk-pc-mac-game-steam-cover.jpg?v=1661949909,None,3.99€,20/10/2022 ::16:11:50,Escape Simulator: Steampunk
-30%,https://s1.gaming-cdn.com/images/products/12606/380x218/generation-zero-resistance-weapons-pack-pc-game-steam-cover.jpg?v=1658930394,None,2.78€,20/10/2022 ::16:11:50,Generation Zero - Resistance Weapons Pack
-40%,https://s3.gaming-cdn.com/images/products/11810/380x218/mx-vs-atv-legends-pc-game-steam-cover.jpg?v=1656428693,None,23.89€,20/10/2022 ::16:11:50,MX vs ATV Legends
-44%,https://s2.gaming-cdn.com/images/products/10555/380x218/endzone-a-world-apart-distant-places-pc-game-steam-cover.jpg?v=1666169319,None,4.50€,20/10/2022 ::16:11:50,Endzone - A World Apart: Distant Places
-22%,https://s3.gaming-cdn.com/images/products/9950/380x218/star-ocean-the-divine-force-pc-game-steam-cover.jpg?v=1664875085,None,46.89€,20/10/2022 ::16:11:50,Star Ocean: The Divine Force
-38%,https://s1.gaming-cdn.com/images/products/8325/380x218/destroy-all-humans-2-reprobed-pc-game-steam-cover.jpg?v=1661844634,None,24.99€,20/10/2022 ::16:11:50,Destroy All Humans! 2 Reprobed
-50%,https://s1.gaming-cdn.com/images/products/13047/380x218/ozymandias-bronze-age-empire-sim-pc-mac-game-steam-europe-cover.jpg?v=1665506372,None,7.49€,20/10/2022 ::16:11:50,Ozymandias: Bronze Age Empire Sim
-20%,https://s1.gaming-cdn.com/images/products/12594/380x218/naruto-to-boruto-shinobi-striker-season-pass-5-pc-game-steam-cover.jpg?v=1658826369,None,11.99€,20/10/2022 ::16:11:50,Naruto to Boruto: Shinobi Striker Season Pass 5
-50%,https://s3.gaming-cdn.com/images/products/12455/380x218/the-jackbox-party-starter-pc-mac-game-steam-cover.jpg?v=1656924820,None,10.00€,20/10/2022 ::16:11:50,The Jackbox Party Starter
-44%,https://s1.gaming-cdn.com/images/products/12927/380x218/there-is-no-light-pc-game-steam-cover.jpg?v=1663672587,None,13.88€,20/10/2022 ::16:11:50,There Is No Light
-51%,https://s3.gaming-cdn.com/images/products/12938/380x218/the-outbound-ghost-pc-game-steam-cover.jpg?v=1663775489,None,8.17€,20/10/2022 ::16:11:50,The Outbound Ghost
-20%,https://s2.gaming-cdn.com/images/products/12322/380x218/evil-west-pc-game-steam-cover.jpg?v=1663575709,None,39.89€,20/10/2022 ::16:11:50,Evil West
-57%,https://s2.gaming-cdn.com/images/products/8641/380x218/endling-extinction-is-forever-pc-game-steam-cover.jpg?v=1658217008,None,12.89€,20/10/2022 ::16:11:50,Endling - Extinction is Forever
-24%,https://s1.gaming-cdn.com/images/products/12303/380x218/legend-of-keepers-soul-smugglers-pc-mac-game-steam-europe-cover.jpg?v=1655728271,None,3.79€,20/10/2022 ::16:11:50,Legend of Keepers: Soul Smugglers
-43%,https://s3.gaming-cdn.com/images/products/12368/380x218/keplerth-pc-game-steam-cover.jpg?v=1656060371,None,7.15€,20/10/2022 ::16:11:50,Keplerth
-82%,https://s3.gaming-cdn.com/images/products/347/380x218/game-uplay-far-cry-4-cover.jpg?v=1625492288,None,5.50€,20/10/2022 ::16:11:50,Far Cry 4
-72%,https://s3.gaming-cdn.com/images/products/182/380x218/game-uplay-assassins-creed-brotherhood-cover.jpg?v=1614940246,None,4.25€,20/10/2022 ::16:11:50,Assassin's Creed: Brotherhood
-74%,https://s3.gaming-cdn.com/images/products/572/380x218/assassin-s-creed-rogue-pc-game-ubisoft-connect-cover.jpg?v=1657809086,None,5.16€,20/10/2022 ::16:11:50,Assassin's Creed: Rogue
-51%,https://s1.gaming-cdn.com/images/products/4890/380x218/assassin-s-creed-director-s-cut-edition-directors-cut-pc-game-ubisoft-connect-cover.jpg?v=1646667494,None,4.93€,20/10/2022 ::16:11:50,Assassin's Creed: Director's Cut Edition
-56%,https://s3.gaming-cdn.com/images/products/12347/380x218/tom-clancy-s-rainbow-six-siege-operator-edition-operator-edition-pc-game-ubisoft-connect-cover.jpg?v=1655908920,None,30.45€,20/10/2022 ::16:11:50,Tom Clancy's Rainbow Six Siege Operator Edition
-38%,https://s1.gaming-cdn.com/images/products/9891/380x218/assassin-s-creed-valhalla-dawn-of-ragnarok-pc-game-ubisoft-connect-europe-cover.jpg?v=1666177677,None,24.99€,20/10/2022 ::16:11:50,Assassin's Creed Valhalla : Dawn of Ragnarök
-82%,https://s2.gaming-cdn.com/images/products/289/380x218/tom-clancy-s-the-division-pc-game-ubisoft-connect-europe-cover.jpg?v=1649750020,None,5.41€,20/10/2022 ::16:11:50,Tom Clancy's The Division
-43%,https://s1.gaming-cdn.com/images/products/2172/380x218/assassin-s-creed-ii-pc-game-ubisoft-connect-cover.jpg?v=1649065089,None,5.66€,20/10/2022 ::16:11:50,Assassin's Creed II
-75%,https://s2.gaming-cdn.com/images/products/5806/380x218/immortals-fenyx-rising-pc-game-ubisoft-connect-europe-cover.jpg?v=1650536278,None,15.15€,20/10/2022 ::16:11:50,Immortals: Fenyx Rising
-92%,https://s1.gaming-cdn.com/images/products/387/380x218/anno-2070-complete-edition-complete-edition-pc-game-ubisoft-connect-cover.jpg?v=1648539076,None,2.50€,20/10/2022 ::16:11:50,Anno 2070 Complete Edition
-28%,https://s2.gaming-cdn.com/images/products/5194/380x218/for-honor-marching-fire-edition-marching-fire-edition-pc-game-ubisoft-connect-europe-cover.jpg?v=1649769038,None,10.73€,20/10/2022 ::16:11:50,For Honor Marching Fire Edition
-39%,https://s1.gaming-cdn.com/images/products/8217/380x218/anno-1800-season-pass-3-pc-game-ubisoft-connect-europe-cover.jpg?v=1666177497,None,12.28€,20/10/2022 ::16:11:50,Anno 1800 Season Pass 3
-78%,https://s3.gaming-cdn.com/images/products/8549/380x218/steep-x-games-gold-edition-x-games-gold-edition-pc-game-ubisoft-connect-europe-cover.jpg?v=1665141230,None,8.99€,20/10/2022 ::16:11:50,Steep X Games Gold Edition
-73%,https://s1.gaming-cdn.com/images/products/96/380x218/game-uplay-far-cry-3-cover.jpg?v=1625493046,None,5.36€,20/10/2022 ::16:11:50,Far Cry 3
-76%,https://s3.gaming-cdn.com/images/products/7955/380x218/tom-clancy-s-ghost-recon-wildlands-ultimate-edition-ultimate-edition-pc-game-ubisoft-connect-europe-cover.jpg?v=1649249979,None,23.91€,20/10/2022 ::16:11:50,Tom Clancy's Ghost Recon Wildlands Ultimate Edition
-59%,https://s2.gaming-cdn.com/images/products/6058/380x218/anno-1800-season-pass-pc-game-ubisoft-connect-europe-cover.jpg?v=1666177318,None,10.25€,20/10/2022 ::16:11:50,Anno 1800 Season Pass
-49%,https://s3.gaming-cdn.com/images/products/6653/380x218/anno-1800-season-pass-2-pc-game-ubisoft-connect-europe-cover.jpg?v=1666177363,None,12.78€,20/10/2022 ::16:11:50,Anno 1800 Season Pass 2
-77%,https://s1.gaming-cdn.com/images/products/198/380x218/south-park-the-stick-of-truth-uncut-pc-game-ubisoft-connect-cover.jpg?v=1649333179,None,6.89€,20/10/2022 ::16:11:50,South Park: The Stick of Truth (uncut)
-85%,https://s1.gaming-cdn.com/images/products/3333/380x218/far-cry-new-dawn-pc-game-ubisoft-connect-europe-cover.jpg?v=1644762189,None,6.87€,20/10/2022 ::16:11:50,Far Cry New Dawn
-72%,https://s2.gaming-cdn.com/images/products/235/380x218/tom-clancy-s-splinter-cell-blacklist-pc-game-ubisoft-connect-europe-cover.jpg?v=1647956464,None,5.56€,20/10/2022 ::16:11:50,Tom Clancy’s Splinter Cell Blacklist
-30%,https://s3.gaming-cdn.com/images/products/320/380x218/assassins-creed-iii-pc-game-ubisoft-connect-cover.jpg?v=1644857794,None,14.02€,20/10/2022 ::16:11:50,Assassin's Creed III
-80%,https://s2.gaming-cdn.com/images/products/1855/380x218/watch-dogs-complete-edition-complete-edition-pc-game-ubisoft-connect-cover.jpg?v=1665671282,None,9.98€,20/10/2022 ::16:11:50,Watch Dogs Complete Edition
-68%,https://s1.gaming-cdn.com/images/products/5304/380x218/assassin-s-creed-odyssey-ultimate-edition-ultimate-edition-pc-game-ubisoft-connect-europe-cover.jpg?v=1657266551,None,37.32€,20/10/2022 ::16:11:50,Assassin's Creed Odyssey Ultimate Edition
-44%,https://s2.gaming-cdn.com/images/products/7111/380x218/forspoken-pc-game-steam-europe-cover.jpg?v=1661794949,None,44.98€,20/10/2022 ::16:11:50,Forspoken
-27%,https://s3.gaming-cdn.com/images/products/12803/380x218/roadwarden-pc-mac-game-steam-cover.jpg?v=1663055594,None,7.99€,20/10/2022 ::16:11:50,Roadwarden
-20%,https://s1.gaming-cdn.com/images/products/12681/380x218/pac-man-world-re-pac-pc-game-steam-cover.jpg?v=1661498635,None,24.10€,20/10/2022 ::16:11:50,Pac-Man World Re-Pac
-65%,https://s2.gaming-cdn.com/images/products/11569/380x218/outerverse-pc-game-steam-cover.jpg?v=1653559796,None,6.99€,20/10/2022 ::16:11:50,Outerverse
-50%,https://s1.gaming-cdn.com/images/products/9861/380x218/jack-move-pc-mac-game-steam-cover.jpg?v=1663833283,None,9.99€,20/10/2022 ::16:11:50,Jack Move
-26%,https://s1.gaming-cdn.com/images/products/12879/380x218/harvestella-pc-game-steam-europe-cover.jpg?v=1663334478,None,44.49€,20/10/2022 ::16:11:50,HARVESTELLA
-49%,https://s1.gaming-cdn.com/images/products/11025/380x218/dwerve-pc-mac-game-steam-cover.jpg?v=1653554261,None,8.49€,20/10/2022 ::16:11:50,Dwerve
-40%,https://s3.gaming-cdn.com/images/products/8972/380x218/warhammer-40-000-chaos-gate-daemonhunters-pc-game-steam-europe-cover.jpg?v=1652339552,None,26.99€,20/10/2022 ::16:11:50,"Warhammer 40,000: Chaos Gate - Daemonhunters"
-25%,https://s1.gaming-cdn.com/images/products/12528/380x218/farming-simulator-22-platinum-expansion-pc-mac-game-steam-cover.jpg?v=1658765974,None,14.99€,20/10/2022 ::16:11:50,Farming Simulator 22 - Platinum Expansion
-32%,https://s3.gaming-cdn.com/images/products/12233/380x218/jojo-s-bizarre-adventure-all-star-battle-r-deluxe-edition-deluxe-edition-pc-game-steam-cover.jpg?v=1662103012,None,47.49€,20/10/2022 ::16:11:50,JoJo’s Bizarre Adventure: All Star Battle R Deluxe Edition
-26%,https://s2.gaming-cdn.com/images/products/12316/380x218/bear-and-breakfast-pc-game-steam-cover.jpg?v=1659516612,None,12.49€,20/10/2022 ::16:11:50,Bear and Breakfast
-30%,https://s3.gaming-cdn.com/images/products/12899/380x218/fire-commander-pc-game-steam-cover.jpg?v=1663161955,None,8.75€,20/10/2022 ::16:11:50,Fire Commander
-14%,https://s2.gaming-cdn.com/images/products/10900/380x218/age-of-empires-ii-definitive-edition-dynasties-of-india-pc-game-steam-cover.jpg?v=1651136807,None,8.59€,20/10/2022 ::16:11:50,Age of Empires II: Definitive Edition - Dynasties of India
-32%,https://s1.gaming-cdn.com/images/products/11736/380x218/sd-gundam-battle-alliance-pc-game-steam-cover.jpg?v=1661375705,None,33.99€,20/10/2022 ::16:11:50,SD Gundam Battle Alliance
-27%,https://s2.gaming-cdn.com/images/products/12754/380x218/garden-simulator-pc-game-steam-cover.jpg?v=1662709105,None,10.89€,20/10/2022 ::16:11:50,Garden Simulator
-28%,https://s2.gaming-cdn.com/images/products/10945/380x218/surviving-mars-martian-express-pc-mac-game-steam-cover.jpg?v=1651236473,None,5.04€,20/10/2022 ::16:11:50,Surviving Mars: Martian Express
-53%,https://s3.gaming-cdn.com/images/products/12950/380x218/session-skate-sim-supporter-pack-pc-game-steam-cover.jpg?v=1663868751,None,6.99€,20/10/2022 ::16:11:50,Session: Skate Sim Supporter Pack
-39%,https://s2.gaming-cdn.com/images/products/7120/380x218/serial-cleaners-pc-game-steam-cover.jpg?v=1663863133,None,15.19€,20/10/2022 ::16:11:50,Serial Cleaners
-81%,https://s2.gaming-cdn.com/images/products/2572/380x218/anno-2205-ultimate-edition-ultimate-edition-pc-game-ubisoft-connect-europe-cover.jpg?v=1649857654,None,9.68€,20/10/2022 ::16:11:50,Anno 2205 Ultimate Edition
-76%,https://s3.gaming-cdn.com/images/products/233/380x218/rayman-legends-pc-game-ubisoft-connect-cover.jpg?v=1646389028,None,4.79€,20/10/2022 ::16:11:50,Rayman Legends
-58%,https://s1.gaming-cdn.com/images/products/6585/380x218/far-cry-4-gold-edition-gold-edition-pc-game-ubisoft-connect-cover.jpg?v=1652433258,None,12.49€,20/10/2022 ::16:11:50,Far Cry 4 Gold Edition
-76%,https://s3.gaming-cdn.com/images/products/1982/380x218/tom-clancy-s-ghost-recon-wildlands-year-2-gold-edition-year-2-gold-edition-pc-game-ubisoft-connect-europe-cover.jpg?v=1659608018,None,16.80€,20/10/2022 ::16:11:50,Tom Clancy's Ghost Recon: Wildlands Year 2 Gold Edition
-51%,https://s1.gaming-cdn.com/images/products/7956/380x218/heroes-of-might-magic-v-gold-edition-gold-edition-pc-game-ubisoft-connect-cover.jpg?v=1644914415,None,4.90€,20/10/2022 ::16:11:50,Heroes of Might & Magic V Gold Edition
-50%,https://s1.gaming-cdn.com/images/products/10431/380x218/uno-ultimate-edition-ultimate-edition-pc-game-ubisoft-connect-cover.jpg?v=1647516378,None,9.99€,20/10/2022 ::16:11:50,UNO - Ultimate Edition
-83%,https://s2.gaming-cdn.com/images/products/4888/380x218/watch-dogs-2-gold-edition-gold-edition-pc-game-ubisoft-connect-cover.jpg?v=1649773353,None,16.86€,20/10/2022 ::16:11:50,Watch Dogs 2 Gold Edition
-69%,https://s2.gaming-cdn.com/images/products/10/380x218/assassin-s-creed-revelations-pc-game-ubisoft-connect-cover.jpg?v=1648649207,None,4.70€,20/10/2022 ::16:11:50,Assassin's Creed: Revelations
-69%,https://s3.gaming-cdn.com/images/products/2567/380x218/far-cry-2-fortune-s-edition-fortune-s-edition-pc-game-ubisoft-connect-cover.jpg?v=1648806015,None,3.05€,20/10/2022 ::16:11:50,Far Cry 2: Fortune's Edition
-78%,https://s3.gaming-cdn.com/images/products/1769/380x218/might-and-magic-heroes-vi-complete-edition-complete-edition-pc-game-ubisoft-connect-cover.jpg?v=1649864016,None,6.52€,20/10/2022 ::16:11:50,Might & Magic: Heroes VI Complete Edition
-75%,https://s3.gaming-cdn.com/images/products/10946/380x218/the-settlers-history-collection-history-collection-pc-game-ubisoft-connect-europe-cover.jpg?v=1651161825,None,9.99€,20/10/2022 ::16:11:50,The Settlers History Collection
-73%,https://s3.gaming-cdn.com/images/products/1739/380x218/the-crew-ultimate-edition-ultimate-edition-pc-game-ubisoft-connect-cover.jpg?v=1649864407,None,13.49€,20/10/2022 ::16:11:50,The Crew Ultimate Edition
-31%,https://s1.gaming-cdn.com/images/products/8907/380x218/uncharted-legacy-of-thieves-collection-pc-game-steam-europe-cover.jpg?v=1666197447,None,34.49€,20/10/2022 ::16:11:50,Uncharted Legacy of Thieves Collection
-28%,https://s2.gaming-cdn.com/images/products/9034/380x218/a-plague-tale-requiem-pc-game-steam-cover.jpg?v=1666096248,None,35.79€,20/10/2022 ::16:11:50,A Plague Tale: Requiem
-26%,https://s2.gaming-cdn.com/images/products/13069/380x218/planet-zoo-twilight-pack-pc-game-steam-cover.jpg?v=1666089301,None,7.37€,20/10/2022 ::16:11:50,Planet Zoo: Twilight Pack
-26%,https://s3.gaming-cdn.com/images/products/7166/380x218/gotham-knights-pc-game-steam-europe-cover.jpg?v=1666272972,None,44.39€,20/10/2022 ::16:11:50,Gotham Knights
-73%,https://s2.gaming-cdn.com/images/products/7459/380x218/might-and-magic-heroes-vii-full-pack-full-pack-pc-game-ubisoft-connect-cover.jpg?v=1649317451,None,10.62€,20/10/2022 ::16:11:50,Might & Magic: Heroes VII Full Pack
-67%,https://s1.gaming-cdn.com/images/products/4893/380x218/game-uplay-for-honor-marching-fire-expansion-cover.jpg?v=1608049517,None,9.99€,20/10/2022 ::16:11:50,For Honor: Marching Fire Expansion
-68%,https://s2.gaming-cdn.com/images/products/6406/380x218/watch-dogs-legion-ultimate-edition-ultimate-edition-pc-game-ubisoft-connect-europe-cover.jpg?v=1650554114,None,37.89€,20/10/2022 ::16:11:50,Watch Dogs Legion Ultimate Edition
-80%,https://s3.gaming-cdn.com/images/products/7958/380x218/tom-clancy-s-ghost-recon-breakpoint-gold-edition-gold-edition-pc-game-ubisoft-connect-europe-cover.jpg?v=1650890651,None,20.32€,20/10/2022 ::16:11:50,Tom Clancy's Ghost Recon: Breakpoint Gold Edition
-77%,https://s3.gaming-cdn.com/images/products/254/380x218/watch-dogs-pc-game-ubisoft-connect-europe-cover.jpg?v=1646393943,None,6.99€,20/10/2022 ::16:11:50,Watch Dogs
-73%,https://s3.gaming-cdn.com/images/products/10799/380x218/anno-history-collection-history-collection-pc-game-ubisoft-connect-europe-cover.jpg?v=1650529559,None,10.69€,20/10/2022 ::16:11:50,Anno History Collection
-34%,https://s3.gaming-cdn.com/images/products/12596/380x218/football-manager-2023-pc-mac-game-steam-europe-cover.jpg?v=1664981043,None,39.49€,20/10/2022 ::16:11:50,Football Manager 2023
-26%,https://s1.gaming-cdn.com/images/products/11163/380x218/gotham-knights-deluxe-edition-deluxe-edition-pc-game-steam-europe-cover.jpg?v=1666264633,None,58.89€,20/10/2022 ::16:11:50,Gotham Knights: Deluxe Edition
-51%,https://s3.gaming-cdn.com/images/products/8255/380x218/scorn-pc-game-steam-cover.jpg?v=1665734659,None,19.69€,20/10/2022 ::16:11:50,Scorn
-26%,https://s2.gaming-cdn.com/images/products/12724/380x218/marauders-pc-game-steam-cover.jpg?v=1664867604,None,22.19€,20/10/2022 ::16:11:50,Marauders
-45%,https://s2.gaming-cdn.com/images/products/12778/380x218/victoria-3-grand-edition-grand-edition-pc-mac-game-steam-cover.jpg?v=1666190131,None,43.89€,20/10/2022 ::16:11:50,Victoria 3 Grand Edition
-35%,https://s1.gaming-cdn.com/images/products/11907/380x218/marvel-s-spider-man-remastered-pc-game-steam-cover.jpg?v=1663335695,None,38.99€,20/10/2022 ::16:11:50,Marvel's Spider-Man Remastered
-39%,https://s1.gaming-cdn.com/images/products/11880/380x218/the-valiant-pc-game-steam-cover.jpg?v=1666177891,None,24.49€,20/10/2022 ::16:11:50,The Valiant
-27%,https://s3.gaming-cdn.com/images/products/12953/380x218/marvel-s-spider-man-miles-morales-pc-game-steam-cover.jpg?v=1666017303,None,36.49€,20/10/2022 ::16:11:50,Marvel’s Spider-Man: Miles Morales
-36%,https://s2.gaming-cdn.com/images/products/12742/380x218/dome-keeper-pc-mac-game-steam-cover.jpg?v=1664871366,None,11.49€,20/10/2022 ::16:11:50,Dome Keeper
-43%,https://s1.gaming-cdn.com/images/products/12795/380x218/hearts-of-iron-iv-by-blood-alone-pc-mac-game-steam-cover.jpg?v=1666177950,None,11.49€,20/10/2022 ::16:11:50,Hearts of Iron IV: By Blood Alone
-31%,https://s3.gaming-cdn.com/images/products/12527/380x218/farming-simulator-22-platinum-edition-platinum-edition-pc-mac-game-steam-cover.jpg?v=1666110086,None,27.49€,20/10/2022 ::16:11:50,Farming Simulator 22 Platinum Edition
-28%,https://s2.gaming-cdn.com/images/products/12256/380x218/planet-zoo-conservation-pack-pc-game-steam-cover.jpg?v=1655396525,None,7.19€,20/10/2022 ::16:11:50,Planet Zoo: Conservation Pack
-22%,https://s2.gaming-cdn.com/images/products/12355/380x218/construction-simulator-extended-edition-extended-edition-pc-game-steam-cover.jpg?v=1663691396,None,31.09€,20/10/2022 ::16:11:50,Construction Simulator Extended Edition
-47%,https://s3.gaming-cdn.com/images/products/9566/380x218/asterigos-curse-of-the-stars-pc-game-steam-cover.jpg?v=1665564361,None,18.49€,20/10/2022 ::16:11:50,Asterigos: Curse of the Stars
-23%,https://s1.gaming-cdn.com/images/products/12936/380x218/construction-simulator-pc-game-steam-cover.jpg?v=1663691451,None,26.90€,20/10/2022 ::16:11:50,Construction Simulator
-20%,https://s2.gaming-cdn.com/images/products/10087/380x218/dragon-ball-the-breakers-pc-game-steam-cover.jpg?v=1661521684,None,15.99€,20/10/2022 ::16:11:50,Dragon Ball: The Breakers
-53%,https://s3.gaming-cdn.com/images/products/12401/380x218/scorn-deluxe-edition-deluxe-edition-pc-game-steam-cover.jpg?v=1666190633,None,23.39€,20/10/2022 ::16:11:50,Scorn Deluxe Edition
-56%,https://s3.gaming-cdn.com/images/products/12605/380x218/plateup-pc-game-steam-cover.jpg?v=1663752567,None,7.99€,20/10/2022 ::16:11:50,PlateUp!
-49%,https://s2.gaming-cdn.com/images/products/11041/380x218/stellaris-overlord-pc-mac-game-steam-cover.jpg?v=1652339231,None,10.15€,20/10/2022 ::16:11:50,Stellaris: Overlord
-50%,https://s2.gaming-cdn.com/images/products/8131/380x218/anno-1404-history-edition-history-edition-pc-game-ubisoft-connect-europe-cover.jpg?v=1646317245,None,7.51€,20/10/2022 ::16:11:50,Anno 1404 History Edition
-66%,https://s2.gaming-cdn.com/images/products/1447/380x218/tom-clancy-s-rainbow-six-vegas-2-pc-game-ubisoft-connect-cover.jpg?v=1648566344,None,3.41€,20/10/2022 ::16:11:50,Tom Clancy's Rainbow Six Vegas 2
-74%,https://s1.gaming-cdn.com/images/products/7011/380x218/anno-history-collection-history-collection-pc-game-ubisoft-connect-cover.jpg?v=1650529493,None,10.41€,20/10/2022 ::16:11:50,Anno History Collection
-15%,https://s2.gaming-cdn.com/images/products/7825/380x218/watch-dogs-legion-season-pass-pc-game-ubisoft-connect-cover.jpg?v=1662576554,None,16.99€,20/10/2022 ::16:11:50,Watch Dogs Legion - Season Pass
-75%,https://s2.gaming-cdn.com/images/products/646/380x218/game-uplay-far-cry-4-season-pass-cover.jpg?v=1618321924,None,7.50€,20/10/2022 ::16:11:50,Far Cry 4: Season Pass
-70%,https://s2.gaming-cdn.com/images/products/1597/380x218/prince-of-persia-the-forgotten-sands-pc-game-ubisoft-connect-cover.jpg?v=1648562550,None,2.99€,20/10/2022 ::16:11:50,Prince of Persia: The Forgotten Sands
-95%,https://s3.gaming-cdn.com/images/products/875/380x218/the-crew-wild-run-pc-game-ubisoft-connect-europe-cover.jpg?v=1664456303,None,1.00€,20/10/2022 ::16:11:50,The Crew: Wild Run
-46%,https://s2.gaming-cdn.com/images/products/2551/380x218/anno-1404-gold-edition-gold-edition-pc-game-ubisoft-connect-europe-cover.jpg?v=1646317090,None,8.11€,20/10/2022 ::16:11:50,Anno 1404 Gold Edition
-74%,https://s3.gaming-cdn.com/images/products/1853/380x218/might-and-magic-heroes-vii-complete-edition-complete-edition-pc-game-ubisoft-connect-cover.jpg?v=1649863579,None,12.88€,20/10/2022 ::16:11:50,Might & Magic: Heroes VII Complete Edition
-73%,https://s2.gaming-cdn.com/images/products/1519/380x218/steep-pc-game-ubisoft-connect-europe-cover.jpg?v=1665141201,None,7.99€,20/10/2022 ::16:11:50,Steep
-49%,https://s2.gaming-cdn.com/images/products/9031/380x218/far-cry-6-season-pass-pc-game-ubisoft-connect-europe-cover.jpg?v=1666177609,None,20.39€,20/10/2022 ::16:11:50,Far Cry 6 Season Pass
-70%,https://s1.gaming-cdn.com/images/products/6405/380x218/watch-dogs-legion-gold-edition-gold-edition-pc-game-ubisoft-connect-europe-cover.jpg?v=1650554081,None,29.99€,20/10/2022 ::16:11:50,Watch Dogs Legion Gold Edition
-69%,https://s3.gaming-cdn.com/images/products/6308/380x218/far-cry-new-dawn-deluxe-edition-deluxe-edition-pc-game-ubisoft-connect-europe-cover.jpg?v=1649751060,None,13.99€,20/10/2022 ::16:11:50,Far Cry New Dawn: Deluxe Edition
-80%,https://s1.gaming-cdn.com/images/products/969/380x218/zombi-pc-game-ubisoft-connect-cover.jpg?v=1647357161,None,3.99€,20/10/2022 ::16:11:50,Zombi
-69%,https://s3.gaming-cdn.com/images/products/4895/380x218/far-cry-5-deluxe-edition-deluxe-edition-pc-game-ubisoft-connect-europe-cover.jpg?v=1649772496,None,31.11€,20/10/2022 ::16:11:50,Far Cry 5 Deluxe Edition
-69%,https://s1.gaming-cdn.com/images/products/1395/380x218/the-settlers-7-paths-to-a-kingdom-gold-edition-gold-edition-pc-game-ubisoft-connect-cover.jpg?v=1649923463,None,6.19€,20/10/2022 ::16:11:50,The Settlers 7: Paths to a Kingdom Gold Edition
-65%,https://s2.gaming-cdn.com/images/products/8107/380x218/tom-clancy-s-ghost-recon-breakpoint-year-1-pass-pc-game-ubisoft-connect-europe-cover.jpg?v=1650890590,None,14.08€,20/10/2022 ::16:11:50,Tom Clancy's Ghost Recon Breakpoint - Year 1 Pass
-75%,https://s2.gaming-cdn.com/images/products/682/380x218/trials-fusion-pc-game-ubisoft-connect-europe-cover.jpg?v=1655300790,None,4.99€,20/10/2022 ::16:11:50,Trials Fusion
-72%,https://s2.gaming-cdn.com/images/products/5905/380x218/tom-clancy-s-ghost-recon-wildlands-year-2-pass-pc-game-ubisoft-connect-cover.jpg?v=1650890719,None,8.49€,20/10/2022 ::16:11:50,Tom Clancy’s Ghost Recon Wildlands Year 2 Pass
-61%,https://s1.gaming-cdn.com/images/products/4335/380x218/assassin-s-creed-iii-remastered-remastered-pc-game-ubisoft-connect-europe-cover.jpg?v=1648718909,None,15.58€,20/10/2022 ::16:11:50,Assassin's Creed III Remastered
-59%,https://s1.gaming-cdn.com/images/products/2913/380x218/game-uplay-the-crew-2-season-pass-cover.jpg?v=1623751842,None,16.42€,20/10/2022 ::16:11:50,The Crew 2 Season Pass
-83%,https://s1.gaming-cdn.com/images/products/4887/380x218/watch-dogs-2-deluxe-edition-deluxe-edition-pc-game-ubisoft-connect-europe-cover.jpg?v=1649773582,None,11.89€,20/10/2022 ::16:11:50,Watch Dogs 2 Deluxe Edition
-20%,https://s3.gaming-cdn.com/images/products/10430/380x218/uno-flip-pc-game-ubisoft-connect-cover.jpg?v=1644799092,None,4.00€,20/10/2022 ::16:11:50,UNO FLIP!
-35%,https://s2.gaming-cdn.com/images/products/12592/380x218/fortnite-anime-legends-pack-ps5-playstation-5-game-playstation-store-europe-cover.jpg?v=1665995197,None,12.99€,20/10/2022 ::16:11:50,Fortnite - Anime Legends Pack PS5
-39%,https://s2.gaming-cdn.com/images/products/12955/380x218/fifa-23-ps5-playstation-5-game-playstation-store-cover.jpg?v=1666195296,None,49.04€,20/10/2022 ::16:11:50,FIFA 23 PS5
-9%,https://s3.gaming-cdn.com/images/products/602/380x218/playstation-network-card-50eur-50-euros-card-playstation-3-playstation-4-playstation-5-game-playstation-store-france-cover.jpg?v=1666101829,None,45.29€,20/10/2022 ::16:11:50,PlayStation Network Card 50€
-5%,https://s1.gaming-cdn.com/images/products/600/380x218/playstation-network-card-20eur-20-euros-card-playstation-3-playstation-4-playstation-5-game-playstation-store-france-cover.jpg?v=1665147756,None,18.99€,20/10/2022 ::16:11:50,PlayStation Network Card 20€
-10%,https://s1.gaming-cdn.com/images/products/12774/380x218/playstation-network-card-100eur-100-euros-card-playstation-5-playstation-4-playstation-3-game-playstation-store-france-cover.jpg?v=1666102893,None,90.49€,20/10/2022 ::16:11:50,PlayStation Network Card 100€
-5%,https://s3.gaming-cdn.com/images/products/12767/380x218/playstation-network-card-10eur-10-euros-card-playstation-4-playstation-5-playstation-3-game-playstation-store-france-cover.jpg?v=1666102865,None,9.55€,20/10/2022 ::16:11:50,PlayStation Network Card 10€
-90%,https://s1.gaming-cdn.com/images/products/7788/380x218/beyond-the-wire-pc-game-steam-cover.jpg?v=1652282218,None,3.00€,20/10/2022 ::16:11:50,Beyond The Wire
-25%,https://s2.gaming-cdn.com/images/products/12430/380x218/assetto-corsa-competizione-the-american-track-pack-pc-game-steam-cover.jpg?v=1657114611,None,13.43€,20/10/2022 ::16:11:50,Assetto Corsa Competizione - The American Track Pack
-47%,https://s1.gaming-cdn.com/images/products/7767/380x218/king-of-retail-pc-mac-game-steam-cover.jpg?v=1663240145,None,13.20€,20/10/2022 ::16:11:50,King of Retail
-40%,https://s1.gaming-cdn.com/images/products/12894/380x218/cities-skylines-plazas-and-promenades-pc-mac-game-steam-cover.jpg?v=1663225768,None,9.01€,20/10/2022 ::16:11:50,Cities: Skylines - Plazas & Promenades
-40%,https://s1.gaming-cdn.com/images/products/8877/380x218/victoria-3-pc-mac-game-steam-cover.jpg?v=1662122335,None,29.99€,20/10/2022 ::16:11:50,Victoria 3
-42%,https://s2.gaming-cdn.com/images/products/12814/380x218/stellaris-toxoids-species-pack-pc-mac-game-steam-cover.jpg?v=1663658889,None,5.77€,20/10/2022 ::16:11:50,Stellaris: Toxoids Species Pack
-31%,https://s3.gaming-cdn.com/images/products/12728/380x218/destiny-2-lightfall-annual-pass-pc-game-steam-cover.jpg?v=1661419248,None,68.69€,20/10/2022 ::16:11:50,Destiny 2: Lightfall + Annual Pass
-14%,https://s3.gaming-cdn.com/images/products/12638/380x218/resident-evil-village-winters-expansion-pc-game-steam-cover.jpg?v=1660434176,None,17.29€,20/10/2022 ::16:11:50,Resident Evil Village - Winters’ Expansion
-31%,https://s3.gaming-cdn.com/images/products/12815/380x218/crusader-kings-iii-friends-and-foes-mac-pc-game-steam-cover.jpg?v=1662647358,None,3.44€,20/10/2022 ::16:11:50,Crusader Kings III: Friends & Foes
-32%,https://s1.gaming-cdn.com/images/products/13002/380x218/dome-keeper-deluxe-edition-deluxe-edition-pc-mac-game-steam-cover.jpg?v=1666190165,None,15.28€,20/10/2022 ::16:11:50,Dome Keeper Deluxe Edition
-21%,https://s1.gaming-cdn.com/images/products/12738/380x218/hogwarts-legacy-deluxe-edition-deluxe-edition-pc-game-steam-europe-cover.jpg?v=1661770894,None,55.19€,20/10/2022 ::16:11:50,Hogwarts Legacy Deluxe Edition
-43%,https://s1.gaming-cdn.com/images/products/12321/380x218/food-truck-simulator-pc-game-steam-cover.jpg?v=1663224779,None,11.49€,20/10/2022 ::16:11:50,Food Truck Simulator
-54%,https://s3.gaming-cdn.com/images/products/12311/380x218/chivalry-2-special-edition-special-edition-pc-game-steam-cover.jpg?v=1655888811,None,20.90€,20/10/2022 ::16:11:50,Chivalry 2 Special Edition
-27%,https://s1.gaming-cdn.com/images/products/12480/380x218/nba-2k23-pc-game-steam-europe-cover.jpg?v=1663336320,None,43.99€,20/10/2022 ::16:11:50,NBA 2K23
-30%,https://s3.gaming-cdn.com/images/products/12323/380x218/warhammer-40-000-shootas-blood-and-teef-pc-mac-game-steam-cover.jpg?v=1666271900,None,13.99€,20/10/2022 ::16:11:50,"Warhammer 40,000: Shootas, Blood & Teef"
-35%,https://s3.gaming-cdn.com/images/products/12758/380x218/farming-simulator-22-pumps-n-hoses-pack-mac-pc-game-steam-cover.jpg?v=1661876245,None,11.61€,20/10/2022 ::16:11:50,Farming Simulator 22 - Pumps n' Hoses Pack
-58%,https://s3.gaming-cdn.com/images/products/11762/380x218/outward-definitive-edition-definitive-edition-pc-game-steam-cover.jpg?v=1654011152,None,16.84€,20/10/2022 ::16:11:50,Outward Definitive Edition
-48%,https://s3.gaming-cdn.com/images/products/12812/380x218/train-sim-world-3-deluxe-edition-deluxe-edition-pc-game-steam-cover.jpg?v=1666194410,None,31.49€,20/10/2022 ::16:11:50,Train Sim World 3: Deluxe Edition
-47%,https://s3.gaming-cdn.com/images/products/7607/380x218/potion-permit-pc-mac-game-steam-cover.jpg?v=1664035355,None,10.50€,20/10/2022 ::16:11:50,Potion Permit
-30%,https://s2.gaming-cdn.com/images/products/12871/380x218/triangle-strategy-pc-game-steam-europe-cover.jpg?v=1665645472,None,41.99€,20/10/2022 ::16:11:50,Triangle Strategy
-22%,https://s3.gaming-cdn.com/images/products/12662/380x218/dragon-ball-the-breakers-special-edition-special-edition-pc-game-steam-cover.jpg?v=1666187256,None,23.49€,20/10/2022 ::16:11:50,Dragon Ball: The Breakers Special Edition
-48%,https://s3.gaming-cdn.com/images/products/6998/380x218/game-uplay-the-settlers-heritage-of-kings-history-edition-cover.jpg?v=1608049517,None,6.19€,20/10/2022 ::16:11:50,The Settlers: Heritage of Kings - History Edition
-67%,https://s1.gaming-cdn.com/images/products/1446/380x218/tom-clancy-s-rainbow-six-vegas-pc-game-ubisoft-connect-cover.jpg?v=1657527801,None,3.32€,20/10/2022 ::16:11:50,Tom Clancy's Rainbow Six Vegas
-79%,https://s1.gaming-cdn.com/images/products/7959/380x218/tom-clancy-s-ghost-recon-breakpoint-ultimate-edition-ultimate-edition-pc-game-ubisoft-connect-europe-cover.jpg?v=1650890683,None,25.23€,20/10/2022 ::16:11:50,Tom Clancy’s Ghost Recon Breakpoint Ultimate Edition
-54%,https://s2.gaming-cdn.com/images/products/7951/380x218/tom-clancys-endwar-pc-game-ubisoft-connect-cover.jpg?v=1644915202,None,4.60€,20/10/2022 ::16:11:50,Tom Clancy's EndWar
-70%,https://s2.gaming-cdn.com/images/products/739/380x218/game-uplay-trials-fusion-season-pass-cover.jpg?v=1608049517,None,5.99€,20/10/2022 ::16:11:50,Trials Fusion: Season Pass
-52%,https://s2.gaming-cdn.com/images/products/4894/380x218/beyond-good-and-evil-pc-game-ubisoft-connect-cover.jpg?v=1647872904,None,2.39€,20/10/2022 ::16:11:50,Beyond Good and Evil
-83%,https://s3.gaming-cdn.com/images/products/476/380x218/might-magic-heroes-vii-pc-game-ubisoft-connect-europe-cover.jpg?v=1644795014,None,6.87€,20/10/2022 ::16:11:50,Might & Magic: Heroes VII
-70%,https://s2.gaming-cdn.com/images/products/448/380x218/game-uplay-watch-dogs-season-pass-cover.jpg?v=1608049517,None,6.06€,20/10/2022 ::16:11:50,Watch Dogs Season Pass
-77%,https://s1.gaming-cdn.com/images/products/252/380x218/the-crew-pc-game-ubisoft-connect-cover.jpg?v=1663664176,None,6.99€,20/10/2022 ::16:11:50,The Crew
-74%,https://s1.gaming-cdn.com/images/products/2211/380x218/trials-evolution-gold-edition-gold-edition-pc-game-ubisoft-connect-cover.jpg?v=1648482459,None,5.29€,20/10/2022 ::16:11:50,Trials Evolution Gold Edition
-60%,https://s1.gaming-cdn.com/images/products/2184/380x218/steep-road-to-the-olympics-pc-game-ubisoft-connect-cover.jpg?v=1650889228,None,3.99€,20/10/2022 ::16:11:50,Steep: Road to the Olympics
-77%,https://s1.gaming-cdn.com/images/products/1851/380x218/game-uplay-south-park-the-fractured-but-whole-season-pass-cover.jpg?v=1626870377,None,6.99€,20/10/2022 ::16:11:50,South Park: The Fractured but Whole Season Pass
-80%,https://s1.gaming-cdn.com/images/products/1761/380x218/watch-dogs-2-season-pass-pc-game-ubisoft-connect-europe-cover.jpg?v=1649327588,None,7.91€,20/10/2022 ::16:11:50,Watch Dogs 2 Season Pass
-20%,https://s1.gaming-cdn.com/images/products/8622/380x218/game-uplay-uno-fenyx-quest-cover.jpg?v=1617895778,None,3.99€,20/10/2022 ::16:11:50,Uno Fenyx Quest
-46%,https://s1.gaming-cdn.com/images/products/7005/380x218/game-uplay-the-settlers-7-history-edition-cover.jpg?v=1625669265,None,8.12€,20/10/2022 ::16:11:50,The Settlers 7 : History Edition
-41%,https://s3.gaming-cdn.com/images/products/4301/380x218/the-division-2-gold-edition-gold-edition-pc-game-ubisoft-connect-europe-cover.jpg?v=1652373523,None,58.51€,20/10/2022 ::16:11:50,The Division 2 Gold Edition
-60%,https://s1.gaming-cdn.com/images/products/3762/380x218/assassin-s-creed-chronicles-india-pc-game-ubisoft-connect-europe-cover.jpg?v=1648456347,None,3.99€,20/10/2022 ::16:11:50,Assassin's Creed Chronicles: India
-19%,https://s3.gaming-cdn.com/images/products/3434/380x218/skull-and-bones-pc-game-ubisoft-connect-cover.jpg?v=1664381852,None,47.99€,20/10/2022 ::16:11:50,Skull and Bones
-72%,https://s2.gaming-cdn.com/images/products/1807/380x218/the-crew-calling-all-units-pc-game-ubisoft-connect-cover.jpg?v=1665659001,None,7.06€,20/10/2022 ::16:11:50,The Crew: Calling All Units
-91%,https://s2.gaming-cdn.com/images/products/868/380x218/anno-2205-pc-game-ubisoft-connect-europe-cover.jpg?v=1642440747,None,3.79€,20/10/2022 ::16:11:50,Anno 2205
-69%,https://s3.gaming-cdn.com/images/products/677/380x218/the-crew-season-pass-pc-game-ubisoft-connect-cover.jpg?v=1664289344,None,6.16€,20/10/2022 ::16:11:50,The Crew: Season Pass
-7%,https://s3.gaming-cdn.com/images/products/12770/380x218/playstation-network-card-30eur-30-euros-card-playstation-5-playstation-4-playstation-3-game-playstation-store-france-cover.jpg?v=1666102878,None,27.79€,20/10/2022 ::16:11:50,PlayStation Network Card 30€
-6%,https://s2.gaming-cdn.com/images/products/12769/380x218/playstation-network-card-25eur-25-euros-card-playstation-4-playstation-5-playstation-3-game-playstation-store-france-cover.jpg?v=1666102873,None,23.49€,20/10/2022 ::16:11:50,PlayStation Network Card 25€
-4%,https://s2.gaming-cdn.com/images/products/12766/380x218/playstation-network-card-5eur-5-euros-card-playstation-3-playstation-4-playstation-5-game-playstation-store-france-cover.jpg?v=1666102861,None,4.79€,20/10/2022 ::16:11:50,PlayStation Network Card 5€
-8%,https://s1.gaming-cdn.com/images/products/603/380x218/playstation-plus-90-days-subscription-3-months-playstation-3-playstation-4-playstation-5-game-playstation-store-france-cover.jpg?v=1666106338,None,23.05€,20/10/2022 ::16:11:50,PlayStation Plus - 90 days subscription
-8%,https://s1.gaming-cdn.com/images/products/12771/380x218/playstation-network-card-40eur-40-euros-card-playstation-5-playstation-4-playstation-3-game-playstation-store-france-cover.jpg?v=1666102882,None,36.69€,20/10/2022 ::16:11:50,PlayStation Network Card 40€
-9%,https://s2.gaming-cdn.com/images/products/12772/380x218/playstation-network-card-60eur-60-euros-card-playstation-5-playstation-4-playstation-3-game-playstation-store-france-cover.jpg?v=1666102888,None,54.79€,20/10/2022 ::16:11:50,PlayStation Network Card 60€
-59%,https://s3.gaming-cdn.com/images/products/13049/380x218/horizon-forbidden-west-ps5-playstation-5-game-playstation-store-europe-cover.jpg?v=1665485911,None,32.66€,20/10/2022 ::16:11:50,Horizon Forbidden West PS5
-9%,https://s2.gaming-cdn.com/images/products/12775/380x218/playstation-network-card-120eur-100-euros-card-playstation-5-playstation-4-playstation-3-game-playstation-store-france-cover.jpg?v=1666102898,None,109.39€,20/10/2022 ::16:11:50,PlayStation Network Card 120€
-9%,https://s3.gaming-cdn.com/images/products/12773/380x218/playstation-network-card-75eur-75-euros-card-playstation-5-playstation-4-playstation-3-game-playstation-store-france-cover.jpg?v=1665397108,None,68.49€,20/10/2022 ::16:11:50,PlayStation Network Card 75€
-5%,https://s1.gaming-cdn.com/images/products/12768/380x218/playstation-network-card-15eur-15-euros-card-playstation-5-playstation-4-playstation-3-game-playstation-store-france-cover.jpg?v=1666102869,None,14.29€,20/10/2022 ::16:11:50,PlayStation Network Card 15€
-7%,https://s2.gaming-cdn.com/images/products/601/380x218/playstation-network-card-35eur-35-euros-card-playstation-3-playstation-4-playstation-5-game-playstation-store-france-cover.jpg?v=1666101821,None,32.49€,20/10/2022 ::16:11:50,PlayStation Network Card 35€
-59%,https://s2.gaming-cdn.com/images/products/8893/380x218/horizon-forbidden-west-ps5-playstation-5-game-playstation-store-cover.jpg?v=1665495056,None,32.49€,20/10/2022 ::16:11:50,Horizon Forbidden West PS5
-18%,https://s1.gaming-cdn.com/images/products/12105/380x218/the-last-of-us-part-i-playstation-5-game-playstation-store-europe-cover.jpg?v=1663237540,None,65.42€,20/10/2022 ::16:11:50,The Last of Us Part I
-83%,https://s3.gaming-cdn.com/images/products/8630/380x218/spider-man-miles-morales-dlc-ps5-playstation-5-game-playstation-store-europe-cover.jpg?v=1653566945,None,1.49€,20/10/2022 ::16:11:50,Spider-Man Miles Morales DLC PS5
-37%,https://s3.gaming-cdn.com/images/products/8432/380x218/mortal-kombat-11-ultimate-ps4-ultimate-playstation-4-playstation-5-game-playstation-store-europe-cover.jpg?v=1648560057,None,37.71€,20/10/2022 ::16:11:50,Mortal Kombat 11 Ultimate PS4
-10%,https://s3.gaming-cdn.com/images/products/2072/380x218/final-fantasy-xiv-online-starter-edition-ps4-ps5-starter-edition-playstation-4-playstation-5-game-playstation-store-europe-cover.jpg?v=1649861585,None,8.99€,20/10/2022 ::16:11:50,Final Fantasy XIV Online Starter Edition (PS4 / PS5)
-58%,https://s1.gaming-cdn.com/images/products/10161/380x218/assassin-s-creed-valhalla-dawn-of-ragnarok-ps5-playstation-5-game-playstation-store-europe-cover.jpg?v=1657202742,None,16.99€,20/10/2022 ::16:11:50,Assassin's Creed Valhalla: Dawn of Ragnarök PS5
-38%,https://s2.gaming-cdn.com/images/products/9586/380x218/fortnite-minty-legends-pack-ps5-playstation-5-game-playstation-store-europe-cover.jpg?v=1658823834,None,18.49€,20/10/2022 ::16:11:50,Fortnite Minty Legends Pack PS5
-13%,https://s1.gaming-cdn.com/images/products/10767/380x218/marvel-s-spider-man-remastered-ps5-playstation-5-game-playstation-store-europe-cover.jpg?v=1666101861,None,43.59€,20/10/2022 ::16:11:50,Marvel's Spider-Man Remastered PS5
-19%,https://s3.gaming-cdn.com/images/products/9686/380x218/ghost-of-tsushima-director-s-cut-ps5-director-s-cut-playstation-5-game-playstation-store-europe-cover.jpg?v=1653557636,None,64.99€,20/10/2022 ::16:11:50,Ghost of Tsushima: Director's Cut PS5
-47%,https://s1.gaming-cdn.com/images/products/12822/380x218/europa-universalis-iv-lions-of-the-north-pc-game-steam-cover.jpg?v=1663072781,None,7.99€,20/10/2022 ::16:11:50,Europa Universalis IV: Lions of the North
-41%,https://s2.gaming-cdn.com/images/products/9310/380x218/hard-west-2-pc-game-steam-cover.jpg?v=1659690662,None,14.67€,20/10/2022 ::16:11:50,Hard West 2
-45%,https://s3.gaming-cdn.com/images/products/12359/380x218/tiny-tina-s-wonderlands-chaotic-great-edition-chaotic-great-edition-pc-game-steam-europe-cover.jpg?v=1656335220,None,43.99€,20/10/2022 ::16:11:50,Tiny Tina's Wonderlands: Chaotic Great Edition
-40%,https://s3.gaming-cdn.com/images/products/9755/380x218/monster-hunter-rise-sunbreak-pc-game-steam-cover.jpg?v=1666177654,None,23.99€,20/10/2022 ::16:11:50,Monster Hunter Rise: Sunbreak
-38%,https://s1.gaming-cdn.com/images/products/5913/380x218/final-fantasy-vii-remake-intergrade-pc-game-steam-cover.jpg?v=1655469584,None,49.99€,20/10/2022 ::16:11:50,Final Fantasy VII Remake Intergrade
-49%,https://s2.gaming-cdn.com/images/products/10660/380x218/the-quarry-deluxe-edition-deluxe-edition-pc-game-steam-europe-cover.jpg?v=1654939060,None,35.49€,20/10/2022 ::16:11:50,The Quarry - Deluxe Edition
-50%,https://s2.gaming-cdn.com/images/products/11431/380x218/golf-gang-pc-game-steam-europe-cover.jpg?v=1653407912,None,4.99€,20/10/2022 ::16:11:50,Golf Gang
-39%,https://s3.gaming-cdn.com/images/products/1499/380x218/the-guild-3-pc-game-steam-cover.jpg?v=1665047973,None,18.40€,20/10/2022 ::16:11:50,The Guild 3
-67%,https://s1.gaming-cdn.com/images/products/8496/380x218/cartel-tycoon-pc-game-steam-cover.jpg?v=1652774419,None,9.01€,20/10/2022 ::16:11:50,Cartel Tycoon
-52%,https://s2.gaming-cdn.com/images/products/12658/380x218/call-of-the-wild-the-angler-pc-game-steam-cover.jpg?v=1661961243,None,14.29€,20/10/2022 ::16:11:50,Call of the Wild: The Angler
-54%,https://s3.gaming-cdn.com/images/products/11411/380x218/chivalry-2-pc-game-steam-cover.jpg?v=1655388361,None,16.59€,20/10/2022 ::16:11:50,Chivalry 2
-33%,https://s2.gaming-cdn.com/images/products/7810/380x218/my-time-at-sandrock-pc-game-steam-cover.jpg?v=1653657809,None,13.99€,20/10/2022 ::16:11:50,My Time at Sandrock
-27%,https://s3.gaming-cdn.com/images/products/12686/380x218/pga-tour-2k23-pc-game-steam-europe-cover.jpg?v=1665753983,None,43.89€,20/10/2022 ::16:11:50,PGA Tour 2K23
-33%,https://s1.gaming-cdn.com/images/products/12891/380x218/cities-skylines-content-creator-pack-mid-century-modern-pc-mac-game-steam-cover.jpg?v=1663225673,None,3.99€,20/10/2022 ::16:11:50,Cities: Skylines - Content Creator Pack: Mid-Century Modern
-28%,https://s1.gaming-cdn.com/images/products/9378/380x218/thymesia-pc-game-steam-cover.jpg?v=1660899592,None,17.99€,20/10/2022 ::16:11:50,Thymesia
-47%,https://s3.gaming-cdn.com/images/products/10622/380x218/the-quarry-pc-game-steam-europe-cover.jpg?v=1654893229,None,31.98€,20/10/2022 ::16:11:50,The Quarry
-74%,https://s2.gaming-cdn.com/images/products/2542/380x218/tom-clancy-s-the-division-gold-edition-gold-edition-pc-game-ubisoft-connect-europe-cover.jpg?v=1649751109,None,12.99€,20/10/2022 ::16:11:50,Tom Clancy's The Division Gold Edition
-76%,https://s3.gaming-cdn.com/images/products/206/380x218/far-cry-3-blood-dragon-pc-game-ubisoft-connect-cover.jpg?v=1646387109,None,3.62€,20/10/2022 ::16:11:50,Far Cry 3: Blood Dragon
-56%,https://s1.gaming-cdn.com/images/products/1857/380x218/tom-clancy-s-rainbow-six-siege-ultimate-edition-ultimate-edition-pc-game-ubisoft-connect-europe-cover.jpg?v=1649863250,None,39.94€,20/10/2022 ::16:11:50,Tom Clancy's Rainbow Six Siege Ultimate Edition
-57%,https://s2.gaming-cdn.com/images/products/1852/380x218/i-am-alive-pc-game-ubisoft-connect-cover.jpg?v=1648548538,None,6.49€,20/10/2022 ::16:11:50,I Am Alive
-44%,https://s1.gaming-cdn.com/images/products/894/380x218/game-uplay-trackmania-turbo-cover.jpg?v=1614870829,None,22.55€,20/10/2022 ::16:11:50,TrackMania Turbo
-46%,https://s3.gaming-cdn.com/images/products/7004/380x218/game-uplay-the-settlers-rise-of-an-empire-history-edition-cover.jpg?v=1608049517,None,6.42€,20/10/2022 ::16:11:50,The Settlers: Rise of an Empire - History Edition
-79%,https://s2.gaming-cdn.com/images/products/2680/380x218/far-cry-5-gold-edition-gold-edition-pc-game-ubisoft-connect-europe-cover.jpg?v=1649856674,None,18.60€,20/10/2022 ::16:11:50,Far Cry 5 Gold Edition
-73%,https://s3.gaming-cdn.com/images/products/1850/380x218/tom-clancy-s-ghost-recon-wildlands-season-pass-pc-game-ubisoft-connect-europe-cover.jpg?v=1649327618,None,10.99€,20/10/2022 ::16:11:50,Tom Clancy's Ghost Recon: Wildlands Season Pass
-72%,https://s1.gaming-cdn.com/images/products/1776/380x218/steep-season-pass-pc-game-ubisoft-connect-europe-cover.jpg?v=1665141204,None,5.59€,20/10/2022 ::16:11:50,Steep Season Pass
-71%,https://s3.gaming-cdn.com/images/products/1184/380x218/game-uplay-anno-2205-season-pass-cover.jpg?v=1625471721,None,5.70€,20/10/2022 ::16:11:50,Anno 2205 Season Pass
,https://s2.gaming-cdn.com/images/products/9562/380x218/wipeout-reboot-ps5-playstation-5-game-playstation-store-cover.jpg?v=1646668021,None,,20/10/2022 ::16:11:50,Wipeout Reboot PS5
-24%,https://s3.gaming-cdn.com/images/products/9551/380x218/uncharted-legacy-of-thieves-collection-ps5-playstation-5-game-playstation-store-europe-cover.jpg?v=1666169422,None,37.99€,20/10/2022 ::16:11:50,Uncharted Legacy of Thieves Collection PS5
,https://s2.gaming-cdn.com/images/products/9400/380x218/quake-ps4-ps5-playstation-4-playstation-5-game-playstation-store-cover.jpg?v=1648733604,None,,20/10/2022 ::16:11:50,Quake (PS4 / PS5)
-19%,https://s1.gaming-cdn.com/images/products/9387/380x218/ratchet-and-clank-rift-apart-ps5-playstation-5-game-playstation-store-europe-cover.jpg?v=1653557523,None,64.68€,20/10/2022 ::16:11:50,Ratchet & Clank Rift Apart PS5
-11%,https://s2.gaming-cdn.com/images/products/9364/380x218/f1-2020-seventy-edition-dlc-ps4-ps5-playstation-4-playstation-5-game-playstation-store-europe-cover.jpg?v=1653656732,None,4.46€,20/10/2022 ::16:11:50,F1 2020 Seventy Edition DLC (PS4 / PS5)
-16%,https://s3.gaming-cdn.com/images/products/9326/380x218/the-elder-scrolls-online-tamriel-unlimited-3000-crown-pack-ps4-ps5-3000-crowns-playstation-4-playstation-5-game-playstation-store-europe-cover.jpg?v=1664988973,None,17.60€,20/10/2022 ::16:11:50,The Elder Scrolls Online: Tamriel Unlimited 3000 Crown Pack (PS4 / PS5)
,https://s2.gaming-cdn.com/images/products/9325/380x218/the-elder-scrolls-online-tamriel-unlimited-5500-crown-pack-ps4-ps5-5500-crowns-playstation-4-playstation-5-game-playstation-store-europe-cover.jpg?v=1664988969,None,,20/10/2022 ::16:11:50,The Elder Scrolls Online: Tamriel Unlimited 5500 Crown Pack (PS4 / PS5)
-31%,https://s1.gaming-cdn.com/images/products/9324/380x218/the-elder-scrolls-online-tamriel-unlimited-1500-crown-pack-ps4-ps5-1500-crowns-playstation-4-playstation-5-game-playstation-store-europe-cover.jpg?v=1664988966,None,8.96€,20/10/2022 ::16:11:50,The Elder Scrolls Online: Tamriel Unlimited 1500 Crown Pack (PS4 / PS5)
-36%,https://s3.gaming-cdn.com/images/products/9323/380x218/the-elder-scrolls-online-tamriel-unlimited-750-crown-pack-ps4-ps5-750-crowns-playstation-4-playstation-5-game-playstation-store-europe-cover.jpg?v=1664988963,None,4.48€,20/10/2022 ::16:11:50,The Elder Scrolls Online: Tamriel Unlimited 750 Crown Pack (PS4 / PS5)
-60%,https://s2.gaming-cdn.com/images/products/8434/380x218/the-sims-4-star-wars-journey-to-batuu-ps4-playstation-4-playstation-5-game-playstation-store-cover.jpg?v=1663939573,None,7.94€,20/10/2022 ::16:11:50,The Sims 4 Star Wars: Journey to Batuu PS4
,https://s2.gaming-cdn.com/images/products/7924/380x218/red-dead-online-ps5-playstation-5-game-playstation-store-cover.jpg?v=1649332661,None,,20/10/2022 ::16:11:50,Red Dead Online PS5
,https://s2.gaming-cdn.com/images/products/6826/380x218/dragon-quest-iii-remake-ps5-remake-edition-playstation-5-game-playstation-store-cover.jpg?v=1650872508,None,,20/10/2022 ::16:11:50,Dragon Quest III Remake PS5
,https://s3.gaming-cdn.com/images/products/6143/380x218/the-lord-of-the-rings-gollum-ps5-playstation-5-game-playstation-store-cover.jpg?v=1661874131,None,,20/10/2022 ::16:11:50,The Lord of the Rings: Gollum PS5
,https://s2.gaming-cdn.com/images/products/6091/380x218/dragon-quest-xii-the-flames-of-fate-xii-ps5-playstation-5-game-playstation-store-cover.jpg?v=1650549687,None,,20/10/2022 ::16:11:50,Dragon Quest XII - The Flames of Fate XII PS5
-17%,https://s2.gaming-cdn.com/images/products/604/380x218/playstation-plus-365-days-subscription-12-months-playstation-3-playstation-4-playstation-5-game-playstation-store-france-cover.jpg?v=1666106035,None,49.99€,20/10/2022 ::16:11:50,PlayStation Plus - 365 days subscription
-1%,https://s2.gaming-cdn.com/images/products/5977/380x218/deathloop-ps5-playstation-5-game-playstation-store-cover.jpg?v=1650551062,None,59.49€,20/10/2022 ::16:11:50,Deathloop PS5
-55%,https://s3.gaming-cdn.com/images/products/3887/380x218/the-elder-scrolls-online-tamriel-unlimited-ps4-ps5-playstation-4-playstation-5-game-playstation-store-europe-cover.jpg?v=1666179496,None,8.99€,20/10/2022 ::16:11:50,The Elder Scrolls Online: Tamriel Unlimited PS4 / PS5
,https://s3.gaming-cdn.com/images/products/3629/380x218/the-elder-scrolls-online-tamriel-unlimited-21000-crown-pack-ps4-ps5-21000-crowns-playstation-4-playstation-5-game-playstation-store-europe-cover.jpg?v=1664988754,None,,20/10/2022 ::16:11:50,The Elder Scrolls Online: Tamriel Unlimited 21000 Crown Pack PS4 / PS5
,https://s2.gaming-cdn.com/images/products/3628/380x218/the-elder-scrolls-online-tamriel-unlimited-14000-crown-pack-ps4-ps5-14000-crowns-playstation-4-playstation-5-game-playstation-store-europe-cover.jpg?v=1664988751,None,,20/10/2022 ::16:11:50,The Elder Scrolls Online: Tamriel Unlimited 14000 Crown Pack PS4 / PS5
-47%,https://s3.gaming-cdn.com/images/products/3257/380x218/playstation-plus-14-days-trial-only-new-accounts-14-days-playstation-3-playstation-4-playstation-5-game-playstation-store-europe-cover.jpg?v=1666106187,None,2.66€,20/10/2022 ::16:11:50,PlayStation Plus - 14 Days Trial (Only New Accounts)
-33%,https://s1.gaming-cdn.com/images/products/13071/380x218/medieval-dynasty-ps5-playstation-5-game-playstation-store-cover.jpg?v=1666089632,None,23.49€,20/10/2022 ::16:11:50,Medieval Dynasty PS5
-80%,https://s1.gaming-cdn.com/images/products/9/380x218/anno-2070-pc-game-ubisoft-connect-cover.jpg?v=1647260520,None,3.99€,20/10/2022 ::16:11:50,Anno 2070
-92%,https://s1.gaming-cdn.com/images/products/465/380x218/game-uplay-champions-of-anteria-cover.jpg?v=1608049517,None,2.37€,20/10/2022 ::16:11:50,Champions of Anteria
-79%,https://s3.gaming-cdn.com/images/products/4484/380x218/might-and-magic-heroes-vii-trial-by-fire-pc-game-ubisoft-connect-cover.jpg?v=1648120846,None,6.19€,20/10/2022 ::16:11:50,Might & Magic: Heroes VII - Trial by Fire
-78%,https://s2.gaming-cdn.com/images/products/340/380x218/from-dust-pc-game-ubisoft-connect-cover.jpg?v=1646650860,None,2.18€,20/10/2022 ::16:11:50,From Dust
-69%,https://s2.gaming-cdn.com/images/products/1321/380x218/the-division-season-pass-pc-game-ubisoft-connect-cover.jpg?v=1649327458,None,6.20€,20/10/2022 ::16:11:50,The Division: Season Pass
-77%,https://s2.gaming-cdn.com/images/products/1156/380x218/game-uplay-might-magic-heroes-vi-shades-of-darkness-cover.jpg?v=1608049517,None,3.49€,20/10/2022 ::16:11:50,Might & Magic: Heroes VI - Shades of Darkness
,https://s3.gaming-cdn.com/images/products/12890/380x218/like-a-dragon-ishin-ps4-ps5-playstation-4-playstation-5-game-playstation-store-cover.jpg?v=1663185585,None,,20/10/2022 ::16:11:50,Like a Dragon : Ishin (PS4 / PS5)
,https://s2.gaming-cdn.com/images/products/12889/380x218/rise-of-the-ronin-ps5-playstation-5-game-playstation-store-cover.jpg?v=1663193224,None,,20/10/2022 ::16:11:50,Rise of the Ronin PS5
-50%,https://s1.gaming-cdn.com/images/products/12864/380x218/just-dance-2023-edition-ps5-playstation-5-game-playstation-store-europe-cover.jpg?v=1664291375,None,,20/10/2022 ::16:11:50,Just Dance 2023 Edition PS5
,https://s2.gaming-cdn.com/images/products/10702/380x218/sifu-ps4-ps5-playstation-4-playstation-5-game-playstation-store-cover.jpg?v=1652131315,None,,20/10/2022 ::16:11:50,Sifu (PS4 / PS5)
-1%,https://s3.gaming-cdn.com/images/products/10697/380x218/playstation-plus-premium-12-month-premium-12-months-playstation-4-playstation-5-game-playstation-store-europe-cover.jpg?v=1666189757,None,118.99€,20/10/2022 ::16:11:50,PlayStation Plus Premium 12 month
-2%,https://s2.gaming-cdn.com/images/products/10696/380x218/playstation-plus-premium-3-month-premium-3-months-playstation-4-playstation-5-game-playstation-store-europe-cover.jpg?v=1666189818,None,48.99€,20/10/2022 ::16:11:50,PlayStation Plus Premium 3 month
-6%,https://s1.gaming-cdn.com/images/products/10695/380x218/playstation-plus-premium-1-month-premium-1-month-playstation-4-playstation-5-game-playstation-store-europe-cover.jpg?v=1666189798,None,15.99€,20/10/2022 ::16:11:50,PlayStation Plus Premium 1 month
-1%,https://s3.gaming-cdn.com/images/products/10694/380x218/playstation-plus-extra-12-month-extra-12-months-playstation-4-playstation-5-game-playstation-store-europe-cover.jpg?v=1666189831,None,98.99€,20/10/2022 ::16:11:50,PlayStation Plus Extra 12 month
-3%,https://s2.gaming-cdn.com/images/products/10693/380x218/playstation-plus-extra-3-month-extra-3-months-playstation-4-playstation-5-game-playstation-store-europe-cover.jpg?v=1666189810,None,38.99€,20/10/2022 ::16:11:50,PlayStation Plus Extra 3 month
-7%,https://s1.gaming-cdn.com/images/products/10692/380x218/playstation-plus-extra-1-month-extra-1-month-playstation-4-playstation-5-game-playstation-store-europe-cover.jpg?v=1666189791,None,12.99€,20/10/2022 ::16:11:50,PlayStation Plus Extra 1 month
-2%,https://s3.gaming-cdn.com/images/products/10691/380x218/playstation-plus-essential-12-month-essential-12-months-playstation-4-playstation-5-game-playstation-store-europe-cover.jpg?v=1666189824,None,58.99€,20/10/2022 ::16:11:50,PlayStation Plus Essential 12 month
-4%,https://s2.gaming-cdn.com/images/products/10690/380x218/playstation-plus-essential-3-month-essential-3-months-playstation-4-playstation-5-game-playstation-store-europe-cover.jpg?v=1666189803,None,23.99€,20/10/2022 ::16:11:50,PlayStation Plus Essential 3 month
-11%,https://s1.gaming-cdn.com/images/products/10689/380x218/playstation-plus-essential-1-month-essential-1-month-playstation-4-playstation-5-game-playstation-store-europe-cover.jpg?v=1657615171,None,7.99€,20/10/2022 ::16:11:50,PlayStation Plus Essential 1 month
-78%,https://s1.gaming-cdn.com/images/products/5301/380x218/assassin-s-creed-odyssey-deluxe-edition-deluxe-edition-pc-game-ubisoft-connect-europe-cover.jpg?v=1657267650,None,16.24€,20/10/2022 ::16:11:50,Assassin's Creed Odyssey Deluxe Edition
-78%,https://s1.gaming-cdn.com/images/products/276/380x218/might-and-magic-x-legacy-pc-game-ubisoft-connect-cover.jpg?v=1646394874,None,6.49€,20/10/2022 ::16:11:50,Might & Magic X - Legacy
-80%,https://s1.gaming-cdn.com/images/products/1647/380x218/the-crew-wild-run-edition-run-edition-pc-game-ubisoft-connect-cover.jpg?v=1663664199,None,5.99€,20/10/2022 ::16:11:50,The Crew Wild Run Edition
,https://s1.gaming-cdn.com/images/products/9999/380x218/tom-clancy-s-the-division-heartland-pc-game-ubisoft-connect-cover.jpg?v=1647958749,None,,20/10/2022 ::16:11:50,Tom Clancy’s The Division Heartland
-34%,https://s3.gaming-cdn.com/images/products/977/380x218/flashback-pc-game-ubisoft-connect-cover.jpg?v=1647357451,None,6.57€,20/10/2022 ::16:11:50,Flashback
,https://s3.gaming-cdn.com/images/products/9761/380x218/tom-clancy-s-ghost-recon-frontline-pc-game-ubisoft-connect-cover.jpg?v=1652167500,None,,20/10/2022 ::16:11:50,Tom Clancy's Ghost Recon: Frontline
-80%,https://s2.gaming-cdn.com/images/products/9268/380x218/for-honor-complete-edition-complete-edition-pc-game-ubisoft-connect-europe-cover.jpg?v=1648543072,None,20.39€,20/10/2022 ::16:11:50,For Honor - Complete Edition
-21%,https://s2.gaming-cdn.com/images/products/9187/380x218/assassin-s-creed-mirage-pc-game-ubisoft-connect-europe-cover.jpg?v=1663224918,None,,20/10/2022 ::16:11:50,Assassin’s Creed Mirage
,https://s2.gaming-cdn.com/images/products/9022/380x218/werewolves-within-pc-game-ubisoft-connect-cover.jpg?v=1647600667,None,,20/10/2022 ::16:11:50,Werewolves Within
-62%,https://s2.gaming-cdn.com/images/products/8917/380x218/assassin-s-creed-iv-black-flag-deluxe-edition-deluxe-edition-pc-game-ubisoft-connect-europe-cover.jpg?v=1648540919,None,15.29€,20/10/2022 ::16:11:50,Assassin’s Creed IV Black Flag - Deluxe Edition
-1%,https://s1.gaming-cdn.com/images/products/876/380x218/game-uplay-trials-fusion-awesome-level-max-cover.jpg?v=1608049517,None,9.88€,20/10/2022 ::16:11:50,Trials Fusion: Awesome Level Max
-81%,https://s2.gaming-cdn.com/images/products/874/380x218/south-park-the-fractured-but-whole-pc-game-ubisoft-connect-europe-cover.jpg?v=1648461979,None,11.50€,20/10/2022 ::16:11:50,South Park: The Fractured but Whole
-48%,https://s1.gaming-cdn.com/images/products/8646/380x218/assassin-s-creed-valhalla-the-siege-of-paris-pc-game-ubisoft-connect-europe-cover.jpg?v=1666177567,None,12.99€,20/10/2022 ::16:11:50,Assassin’s Creed Valhalla: The Siege of Paris
-48%,https://s3.gaming-cdn.com/images/products/8645/380x218/assassin-s-creed-valhalla-wrath-of-the-druids-pc-game-ubisoft-connect-europe-cover.jpg?v=1666177563,None,12.99€,20/10/2022 ::16:11:50,Assassin’s Creed Valhalla: Wrath of the Druids
-70%,https://s3.gaming-cdn.com/images/products/863/380x218/rayman-origins-pc-game-ubisoft-connect-europe-cover.jpg?v=1647344660,None,3.04€,20/10/2022 ::16:11:50,Rayman Origins
-79%,https://s2.gaming-cdn.com/images/products/8548/380x218/might-and-magic-x-legacy-deluxe-edition-deluxe-edition-pc-game-ubisoft-connect-cover.jpg?v=1650622239,None,6.43€,20/10/2022 ::16:11:50,Might & Magic X - Legacy Deluxe Edition
-74%,https://s1.gaming-cdn.com/images/products/8547/380x218/game-uplay-for-honor-year-1-heroes-bundle-cover.jpg?v=1616671883,None,7.75€,20/10/2022 ::16:11:50,For Honor Year 1 Heroes Bundle
-53%,https://s2.gaming-cdn.com/images/products/823/380x218/tom-clancy-s-splinter-cell-conviction-pc-game-ubisoft-connect-cover.jpg?v=1647956449,None,6.99€,20/10/2022 ::16:11:50,Tom Clancy's Splinter Cell: Conviction
-61%,https://s1.gaming-cdn.com/images/products/8019/380x218/immortals-fenyx-rising-a-new-god-pc-game-ubisoft-connect-cover.jpg?v=1666177476,None,5.89€,20/10/2022 ::16:11:50,Immortals: Fenyx Rising A New God
-80%,https://s2.gaming-cdn.com/images/products/7957/380x218/south-park-the-fractured-but-whole-gold-edition-gold-edition-pc-game-ubisoft-connect-europe-cover.jpg?v=1649249871,None,18.38€,20/10/2022 ::16:11:50,South Park: The Fractured But Whole - Gold Edition
-60%,https://s2.gaming-cdn.com/images/products/793/380x218/assassin-s-creed-chronicles-china-pc-game-ubisoft-connect-cover.jpg?v=1647335986,None,3.99€,20/10/2022 ::16:11:50,Assassin's Creed Chronicles: China
-55%,https://s2.gaming-cdn.com/images/products/7831/380x218/assassin-s-creed-valhalla-season-pass-pc-game-ubisoft-connect-europe-cover.jpg?v=1666177438,None,17.99€,20/10/2022 ::16:11:50,Assassin's Creed Valhalla - Season Pass
-59%,https://s1.gaming-cdn.com/images/products/7581/380x218/scott-pilgrim-vs-the-world-the-game-complete-edition-complete-edition-pc-game-ubisoft-connect-cover.jpg?v=1650883004,None,11.97€,20/10/2022 ::16:11:50,Scott Pilgrim vs. The World: The Game – Complete Edition
-20%,https://s3.gaming-cdn.com/images/products/7577/380x218/riders-republic-pc-game-ubisoft-connect-cover.jpg?v=1657805393,None,47.99€,20/10/2022 ::16:11:50,Riders Republic
,https://s3.gaming-cdn.com/images/products/7436/380x218/tom-clancy-s-splinter-cell-conviction-deluxe-edition-deluxe-edition-pc-game-ubisoft-connect-cover.jpg?v=1647956407,None,15.37€,20/10/2022 ::16:11:50,Tom Clancy's Splinter Cell: Conviction Deluxe Edition
-58%,https://s3.gaming-cdn.com/images/products/7322/380x218/ghost-recon-future-soldier-signature-edition-signature-edition-pc-game-ubisoft-connect-cover.jpg?v=1648558332,None,7.89€,20/10/2022 ::16:11:50,Ghost Recon Future Soldier Signature Edition
-70%,https://s2.gaming-cdn.com/images/products/6913/380x218/assassin-s-creed-valhalla-gold-edition-gold-edition-pc-game-ubisoft-connect-europe-cover.jpg?v=1650613637,None,29.99€,20/10/2022 ::16:11:50,Assassin’s Creed Valhalla Gold Edition
-62%,https://s1.gaming-cdn.com/images/products/6912/380x218/assassin-s-creed-valhalla-ultimate-edition-ultimate-edition-pc-game-ubisoft-connect-europe-cover.jpg?v=1650613604,None,45.99€,20/10/2022 ::16:11:50,Assassin’s Creed Valhalla Ultimate Edition
-18%,https://s1.gaming-cdn.com/images/products/66/380x218/ghost-recon-future-soldier-pc-game-ubisoft-connect-cover.jpg?v=1663144134,None,12.30€,20/10/2022 ::16:11:50,Ghost Recon: Future Soldier
-50%,https://s2.gaming-cdn.com/images/products/640/380x218/assassin-s-creed-unity-chemical-revolution-pc-game-ubisoft-connect-cover.jpg?v=1666174352,None,2.50€,20/10/2022 ::16:11:50,Assassin's Creed: Unity: Chemical Revolution
,https://s3.gaming-cdn.com/images/products/6191/380x218/tom-clancy-s-rainbow-six-siege-year-5-pass-pc-game-ubisoft-connect-cover.jpg?v=1649329235,None,24.93€,20/10/2022 ::16:11:50,Tom Clancy's Rainbow Six Siege Year 5 Pass
,https://s1.gaming-cdn.com/images/products/5919/380x218/anno-1800-the-passage-pc-game-ubisoft-connect-europe-cover.jpg?v=1666177305,None,,20/10/2022 ::16:11:50,Anno 1800: The Passage
-47%,https://s2.gaming-cdn.com/images/products/58/380x218/anno-2070-deep-ocean-pc-game-ubisoft-connect-cover.jpg?v=1666174789,None,5.25€,20/10/2022 ::16:11:50,Anno 2070: Deep Ocean
-82%,https://s1.gaming-cdn.com/images/products/5778/380x218/far-cry-primal-digital-apex-edition-digital-apex-edition-pc-game-ubisoft-connect-cover.jpg?v=1652435166,None,9.99€,20/10/2022 ::16:11:50,Far Cry Primal Digital Apex Edition
-63%,https://s2.gaming-cdn.com/images/products/568/380x218/game-uplay-assassins-creed-unity-season-pass-cover.jpg?v=1608049517,None,14.84€,20/10/2022 ::16:11:50,Assassin's Creed: Unity Season Pass
-72%,https://s1.gaming-cdn.com/images/products/5664/380x218/for-honor-year-3-pass-pc-game-ubisoft-connect-cover.jpg?v=1644794771,None,8.50€,20/10/2022 ::16:11:50,For Honor Year 3 Pass
-80%,https://s2.gaming-cdn.com/images/products/541/380x218/assassin-s-creed-the-american-saga-pc-game-ubisoft-connect-cover.jpg?v=1651486374,None,12.29€,20/10/2022 ::16:11:50,Assassin's Creed: The American Saga
-74%,https://s3.gaming-cdn.com/images/products/5303/380x218/assassin-s-creed-odyssey-gold-edition-gold-edition-pc-game-ubisoft-connect-europe-cover.jpg?v=1657267622,None,25.61€,20/10/2022 ::16:11:50,Assassin's Creed Odyssey Gold Edition
-65%,https://s3.gaming-cdn.com/images/products/524/380x218/might-and-magic-heroes-vi-pc-game-ubisoft-connect-cover.jpg?v=1648729454,None,6.99€,20/10/2022 ::16:11:50,Might & Magic: Heroes VI
-77%,https://s2.gaming-cdn.com/images/products/523/380x218/might-and-magic-heroes-vi-danse-macabre-pc-game-ubisoft-connect-cover.jpg?v=1666174400,None,2.25€,20/10/2022 ::16:11:50,Might & Magic: Heroes VI - Danse Macabre
-71%,https://s2.gaming-cdn.com/images/products/4900/380x218/tom-clancy-s-splinter-cell-blacklist-deluxe-edition-deluxe-edition-pc-game-ubisoft-connect-europe-cover.jpg?v=1655298346,None,8.75€,20/10/2022 ::16:11:50,Tom Clancy’s Splinter Cell Blacklist Deluxe Edition
-15%,https://s1.gaming-cdn.com/images/products/4899/380x218/watch-dogs-deluxe-edition-deluxe-edition-pc-game-ubisoft-connect-cover.jpg?v=1649930238,None,25.41€,20/10/2022 ::16:11:50,Watch Dogs Deluxe Edition
-55%,https://s3.gaming-cdn.com/images/products/4889/380x218/assassin-s-creed-brotherhood-deluxe-edition-deluxe-edition-pc-game-ubisoft-connect-cover.jpg?v=1649773073,None,8.99€,20/10/2022 ::16:11:50,Assassin's Creed: Brotherhood Deluxe Edition
-24%,https://s1.gaming-cdn.com/images/products/4869/380x218/rainbow-six-extraction-pc-game-ubisoft-connect-europe-cover.jpg?v=1649165371,None,30.50€,20/10/2022 ::16:11:50,Rainbow Six Extraction
,https://s3.gaming-cdn.com/images/products/4832/380x218/roller-champions-pc-game-ubisoft-connect-cover.jpg?v=1653657913,None,,20/10/2022 ::16:11:50,Roller Champions
-60%,https://s2.gaming-cdn.com/images/products/4642/380x218/heroes-of-might-magic-v-pc-game-ubisoft-connect-cover.jpg?v=1644918455,None,2.99€,20/10/2022 ::16:11:50,Heroes of Might & Magic V
-70%,https://s1.gaming-cdn.com/images/products/4638/380x218/the-crew-2-deluxe-edition-deluxe-edition-pc-game-ubisoft-connect-europe-cover.jpg?v=1657277219,None,15.20€,20/10/2022 ::16:11:50,The Crew 2 Deluxe Edition
-50%,https://s1.gaming-cdn.com/images/products/4542/380x218/assassin-s-creed-chronicles-russia-pc-game-ubisoft-connect-cover.jpg?v=1648031216,None,4.99€,20/10/2022 ::16:11:50,Assassin's Creed Chronicles: Russia
-65%,https://s2.gaming-cdn.com/images/products/4501/380x218/starlink-battle-for-atlas-pc-game-ubisoft-connect-cover.jpg?v=1648120946,None,13.99€,20/10/2022 ::16:11:50,Starlink: Battle for Atlas
,https://s3.gaming-cdn.com/images/products/4496/380x218/the-division-2-year-1-pass-pc-game-ubisoft-connect-cover.jpg?v=1666177061,None,,20/10/2022 ::16:11:50,The Division 2 - Year 1 Pass
-73%,https://s3.gaming-cdn.com/images/products/4430/380x218/steep-x-games-pass-pc-game-ubisoft-connect-cover.jpg?v=1665141225,None,3.99€,20/10/2022 ::16:11:50,Steep X-Games Pass
-25%,https://s1.gaming-cdn.com/images/products/4302/380x218/the-division-2-ultimate-edition-ultimate-edition-pc-game-ubisoft-connect-europe-cover.jpg?v=1652373561,None,89.98€,20/10/2022 ::16:11:50,The Division 2 Ultimate Edition
-7%,https://s3.gaming-cdn.com/images/products/4295/380x218/the-settlers-7-history-edition-pc-game-ubisoft-connect-europe-cover.jpg?v=1651050615,None,13.99€,20/10/2022 ::16:11:50,The Settlers 7 - History Edition
-46%,https://s1.gaming-cdn.com/images/products/4293/380x218/assassin-s-creed-ezio-trilogy-pc-game-ubisoft-connect-cover.jpg?v=1650450383,None,16.21€,20/10/2022 ::16:11:50,Assassin's Creed Ezio Trilogy
